Name,Section,Number,Population,FIPS,3-09,3-10,3-11,3-12,3-13,3-15,3-16,3-17,3-18,3-19,3-20,3-21,3-22,3-23,3-24,3-25,3-26,3-27,3-28,3-29,3-30,3-31,4-01,4-02,4-03,4-04,4-05,4-06,4-07,4-08,4-09,4-10,4-11,4-12,4-13,4-14,4-15,4-16,4-17,4-18,4-19,4-20,4-21,4-22,4-23,4-24,4-25,4-26,4-27,4-28,4-29,4-30,5-01,5-02,5-03,5-04,5-05,5-06,5-07,5-08,5-09,5-10,5-11,5-12,5-13,5-14,5-15,5-16,5-17,5-18,5-19,5-20,5-21,5-22,5-23,5-24,5-25,5-26,5-27,5-28,5-29,5-30,5-31,6-01,6-02,6-03,6-04,6-05,6-06,6-07,6-08,6-09,6-10,6-11,6-12,6-13,6-14,6-15,6-16,6-17,6-18,6-19,6-20,6-21,6-22,6-23,6-24,6-25,6-26,6-27,6-28,6-29,6-30,7-01,7-02,7-03,7-04,7-05,7-06,7-07,7-08,7-09,7-10,7-11,7-12,7-13,7-14,7-15,7-16,7-17,7-18,7-19,7-20,7-21,7-22,7-23,7-24,7-25,7-26,7-27,7-28,7-29,7-30,7-31,8-01,8-02,8-03,8-04,8-05
Anderson,J,11,58199,48001,0,0,0,0,0,0,0,0,0,0,0,0,0,0,0,0,0,0,0,0,0,0,1,0,0,0,0,0,0,0,1,0,1,0,0,0,1,2,0,0,2,0,2,4,0,2,0,2,1,4,0,6,1,2,0,0,2,4,2,1,0,0,0,9,0,1,1,2,0,0,6,1,2,1,2,0,0,0,0,0,6,0,0,0,4,2,7,2,-2,0,0,6,0,4,0,7,0,0,887,1,13,4,-1,0,0,3,4,1,3,0,-1,0,16,8,23,9,-2,12,0,26,44,381,228,35,0,94,27,27,12,47,14,0,-2,36,11,15,39,24,0,2,20,10,2,22,13,0,98,22,26
Andrews,C,11,22269,48003,0,0,0,0,0,0,0,0,0,0,0,0,0,0,0,0,0,0,0,0,0,0,0,0,0,1,5,0,4,0,0,1,0,0,1,1,0,6,0,0,0,0,0,0,0,0,0,0,0,0,0,0,1,0,1,0,0,0,0,0,0,0,0,1,0,0,0,0,0,0,0,0,0,1,0,1,3,0,0,0,0,0,0,0,0,0,0,0,0,0,0,0,0,0,0,1,0,0,2,0,3,2,7,2,0,0,2,5,5,7,10,0,2,7,7,1,8,5,0,0,17,12,0,23,14,0,1,4,2,5,6,2,0,9,14,3,4,6,0,3,4,6,15,2,0,11,1,1,5
Angelina,J,23,90437,48005,0,0,0,0,0,0,0,0,0,0,0,0,0,0,0,0,1,0,0,2,0,1,1,0,3,2,0,4,0,0,1,1,0,0,0,1,0,3,3,0,0,0,4,3,1,2,3,0,0,10,3,4,1,1,0,0,24,7,7,7,0,0,0,17,0,2,12,8,0,0,15,0,14,4,3,0,0,0,18,8,2,2,0,0,10,17,0,0,5,0,0,0,44,0,28,0,0,0,22,21,0,14,14,0,0,35,11,19,19,0,0,0,12,31,12,22,0,0,0,69,0,35,38,60,0,0,91,0,106,60,0,0,0,0,234,0,149,22,0,0,82,79,40,0,41,0,0,98,10
Aransas,N,29,27699,48007,0,0,0,0,0,0,0,0,0,0,0,0,0,0,0,0,0,0,0,0,0,0,0,0,0,0,1,0,0,1,0,0,0,0,0,0,0,0,0,0,0,0,0,0,0,0,0,0,0,0,0,0,0,0,0,0,0,0,0,0,0,0,0,0,0,1,0,0,0,0,0,1,1,0,0,0,0,0,0,0,0,0,0,0,0,0,0,0,0,0,0,0,0,0,1,0,0,0,1,0,0,0,0,0,0,3,0,0,2,4,1,3,3,1,4,3,3,1,8,1,2,3,1,0,5,1,1,8,10,6,4,6,1,14,5,3,2,7,3,5,4,1,13,4,0,4,1,0,4
Archer,F,13,8344,48009,0,0,0,0,0,0,0,0,0,0,0,0,0,0,0,0,0,0,0,0,0,0,0,0,0,0,0,0,0,0,0,0,0,0,0,0,0,0,0,0,0,0,0,0,0,0,0,0,0,0,0,0,0,0,0,0,0,0,0,0,0,0,0,0,0,0,1,0,0,0,0,0,0,0,0,0,0,0,0,0,0,0,0,0,0,0,0,1,0,0,0,1,0,0,0,0,0,0,0,0,0,0,0,0,0,1,1,0,0,1,0,0,1,0,1,0,0,0,0,2,1,0,-1,0,0,0,2,0,0,0,0,0,0,1,0,0,0,2,0,0,0,0,2,0,3,0,0,0,0
Armstrong,E,33,1948,48011,0,0,0,0,0,0,0,0,0,0,0,0,0,0,0,0,0,0,0,0,0,0,0,0,0,0,0,0,0,0,0,0,0,0,0,1,0,0,0,0,0,0,0,0,0,0,1,0,0,0,0,0,0,0,0,0,0,0,0,0,0,0,0,0,0,0,0,0,0,0,0,0,0,0,0,0,0,0,0,0,1,0,0,0,0,0,0,0,0,0,0,0,0,0,-1,0,0,0,0,1,0,0,0,0,0,0,0,0,0,0,0,0,0,0,0,0,0,0,0,0,0,0,0,0,0,0,0,0,0,0,0,0,0,0,0,0,1,0,0,0,1,0,0,0,3,0,0,1,-2
Atascosa,N,14,51831,48013,0,0,0,0,0,0,0,0,0,0,0,0,0,0,0,2,0,0,0,0,0,0,0,0,0,0,0,1,1,1,0,2,1,1,0,0,0,0,0,1,0,2,2,0,0,0,0,0,0,2,0,3,0,0,0,0,0,2,1,0,0,0,2,3,0,0,3,0,0,0,2,0,3,0,0,0,0,0,0,0,0,0,2,0,0,0,1,3,0,1,0,0,3,-2,0,-1,0,0,0,0,3,17,7,1,0,9,5,3,-2,2,3,0,16,2,8,0,19,0,0,13,4,36,9,10,68,0,0,14,3,8,55,0,0,15,9,11,1,2,0,0,3,0,9,0,0,0,0,8,6
Austin,K,12,30402,48015,0,0,0,0,0,0,0,0,0,0,0,0,0,0,0,1,0,0,0,1,0,0,0,2,0,0,1,0,1,1,0,1,0,2,1,1,0,0,0,0,0,0,0,0,0,0,0,0,0,0,1,0,0,0,0,0,0,1,0,0,1,0,0,0,0,1,1,2,0,0,1,0,1,0,0,1,0,0,2,0,1,0,1,1,0,0,0,2,0,0,0,3,-1,0,2,1,0,0,2,1,5,0,1,2,3,8,1,0,3,1,6,2,2,1,1,4,4,0,11,8,5,12,7,4,2,4,6,1,3,6,5,2,3,5,4,1,0,11,1,11,9,7,2,1,1,0,0,3,2
Bailey,D,11,7692,48017,0,0,0,0,0,0,0,0,0,0,0,0,0,0,0,0,0,0,0,0,0,0,0,0,0,0,0,0,0,0,0,0,0,0,0,0,0,0,0,0,0,0,0,0,0,0,0,0,0,0,0,0,0,0,0,0,1,1,0,0,0,1,0,0,0,0,0,3,0,2,2,0,0,0,0,0,0,0,4,0,2,1,0,0,0,2,0,5,2,0,0,0,2,1,1,4,0,0,6,12,31,0,0,0,3,2,-2,1,1,5,0,0,1,6,1,1,0,0,0,6,1,2,1,0,0,0,0,0,5,2,1,0,5,1,0,2,2,2,0,0,9,7,3,5,2,0,0,1,7
Bandera,B,25,21246,48019,0,0,0,0,0,0,0,0,0,0,0,0,0,0,0,0,0,0,0,0,0,0,0,0,0,0,0,0,0,0,1,0,1,0,0,0,0,1,1,0,0,0,0,0,0,0,0,2,0,0,0,0,0,0,0,0,0,0,0,0,0,0,0,0,0,0,0,0,0,0,0,0,0,0,0,0,0,0,0,0,0,0,0,0,0,0,0,0,0,0,0,0,0,0,1,0,0,0,0,0,1,5,2,0,0,1,-1,0,1,0,0,0,0,5,1,1,4,0,0,0,0,6,5,6,0,0,0,2,1,0,0,1,0,3,3,2,10,5,0,0,7,1,4,0,0,0,0,0,6
Bastrop,M,13,86105,48021,0,0,0,0,0,0,0,0,0,0,0,0,0,0,0,1,1,0,2,1,1,0,1,0,0,0,2,2,4,2,-1,3,1,-1,0,0,13,5,5,0,1,1,5,2,2,4,0,1,1,0,8,6,9,1,3,3,9,2,7,-1,2,1,1,7,3,5,3,4,0,0,16,4,9,12,0,4,5,2,6,6,4,4,7,1,8,11,9,5,5,5,0,15,9,6,3,5,2,0,18,25,8,-8,2,0,23,6,4,13,21,8,2,22,3,4,12,-1,11,0,54,0,97,40,30,38,7,1,65,62,16,74,0,49,33,12,10,54,32,48,0,5,74,4,4,12,7,0,0,6,11
Baylor,F,12,3624,48023,0,0,0,0,0,0,0,0,0,0,0,0,0,0,0,0,0,0,0,0,0,0,0,0,0,0,0,0,0,0,0,0,0,0,0,0,0,0,0,0,0,0,0,0,0,0,0,0,0,0,0,0,0,0,0,0,0,0,0,0,0,0,0,0,0,0,0,0,0,0,0,0,0,0,0,0,0,0,0,0,0,0,0,0,0,0,0,3,-2,0,0,0,0,0,0,0,0,0,0,0,0,0,0,0,0,0,1,0,0,-1,0,0,0,0,0,0,0,0,0,0,0,0,0,0,0,0,0,0,0,0,0,0,0,1,0,0,1,2,0,0,0,0,0,1,1,0,0,0,1
Bee,N,26,34445,48025,0,0,0,0,0,0,0,0,0,0,0,0,0,0,0,0,0,0,0,0,0,0,0,0,0,0,0,0,0,1,0,0,1,0,0,1,0,0,2,0,0,0,0,0,1,0,-1,0,0,0,0,1,0,0,0,0,0,0,0,0,0,0,0,0,0,0,0,0,0,0,0,1,1,0,0,1,0,0,0,0,0,0,0,0,1,1,0,7,4,0,0,2,2,1,4,0,0,0,1,0,0,1,1,2,0,0,0,2,1,4,0,3,0,1,4,4,4,10,16,6,7,37,-2,2,11,0,6,21,3,12,30,2,12,36,0,17,84,0,31,-1,18,44,21,16,13,15,100,43,27
Bell,L,22,353629,48027,0,0,0,0,0,1,0,0,0,0,1,1,0,0,13,2,1,1,8,0,0,8,8,2,5,0,7,0,10,3,3,10,7,10,0,6,3,5,9,2,0,0,9,10,8,8,4,0,0,8,7,9,0,4,1,0,16,0,3,5,2,0,0,3,8,6,5,6,0,0,12,7,15,12,4,0,0,0,31,6,10,11,6,16,13,20,12,9,14,0,0,27,34,23,44,31,24,0,22,21,50,47,49,4,0,53,50,84,68,51,0,0,59,128,79,86,43,0,0,103,108,118,140,91,0,0,160,153,85,86,73,0,0,148,87,56,59,0,0,88,64,89,144,92,29,0,0,102,82
Bexar,N,4,2093502,48029,0,0,0,0,0,3,0,0,1,2,6,12,0,0,33,12,15,29,12,15,17,11,39,22,25,88,42,26,46,47,51,61,50,58,49,22,21,75,28,41,33,23,14,51,46,41,28,36,23,21,32,19,48,103,108,28,39,25,84,44,30,66,0,19,22,34,65,79,0,0,72,86,44,49,21,26,24,7,31,45,58,53,189,5,9,43,71,65,125,147,21,22,180,135,192,172,230,151,44,439,266,408,412,382,538,274,311,347,638,405,795,495,650,1268,439,374,1334,341,198,351,778,845,954,923,535,511,565,-2755,454,5268,459,867,1985,370,1064,851,716,334,493,210,41,1234,682,1029,420,250,-65,36,82
Blanco,B,19,11504,48031,0,0,0,0,0,0,0,0,0,0,0,0,0,0,1,0,0,0,0,0,0,0,0,0,0,1,0,-1,3,0,0,0,0,0,0,0,0,0,1,-1,0,0,0,1,1,0,0,0,0,0,0,0,0,0,0,0,0,0,0,0,0,0,0,0,0,0,0,0,0,0,0,1,0,1,0,0,0,0,0,0,1,1,1,0,0,0,0,0,0,0,0,1,0,-1,0,0,0,0,0,1,1,1,0,0,8,2,3,0,-1,0,0,1,0,0,2,2,0,0,0,0,18,1,-1,0,0,0,0,8,10,1,0,5,3,0,0,2,2,5,0,0,6,1,1,3,2,0,0,0,0
Borden,C,3,685,48033,0,0,0,0,0,0,0,0,0,0,0,0,0,0,0,0,0,0,0,0,0,0,0,0,0,0,0,0,0,0,0,0,0,0,0,0,0,0,0,0,0,0,0,0,0,0,0,0,0,0,0,0,0,0,0,0,0,0,0,0,0,0,0,0,0,0,0,0,0,0,0,0,0,0,0,0,0,0,0,0,0,0,0,0,0,0,0,0,0,0,0,0,0,0,0,0,0,0,0,0,0,0,0,0,0,0,0,0,0,0,0,0,0,0,0,0,0,0,0,0,0,0,0,0,0,0,0,0,0,0,0,0,0,0,0,0,0,0,0,0,0,0,0,0,0,0,0,0,0
Bosque,L,3,17765,48035,0,0,0,0,0,0,0,0,0,0,0,0,0,0,0,0,0,0,0,0,0,0,0,0,0,0,0,0,0,0,0,0,0,0,0,0,1,0,0,0,0,0,2,0,0,0,0,1,0,0,0,0,0,0,0,0,1,0,0,0,0,0,0,1,0,0,0,0,0,0,0,0,0,0,0,0,0,0,0,0,0,1,0,0,0,0,0,0,0,0,0,0,0,0,0,0,0,0,0,0,0,0,0,3,0,0,0,0,0,0,0,3,0,1,1,1,0,0,2,0,15,3,1,4,0,0,0,2,3,10,0,8,11,1,7,12,1,7,0,0,5,3,1,9,4,3,0,7,1
Bowie,I,3,92570,48037,0,0,0,0,0,0,0,0,1,0,0,0,0,0,0,0,0,1,1,0,1,5,0,0,1,7,0,-3,3,3,3,6,1,2,0,0,5,8,8,3,1,0,7,2,0,1,0,1,0,1,0,1,4,2,0,0,3,-3,0,0,0,0,0,4,2,38,2,8,3,0,4,37,2,-22,0,-1,0,-6,9,33,2,6,68,2,3,17,9,5,11,24,0,15,7,5,4,3,3,-1,5,4,3,10,4,2,0,4,2,7,2,3,0,12,-3,11,1,5,5,9,3,1,5,4,13,12,8,13,16,3,22,9,29,14,16,4,19,12,16,12,-10,2,9,3,0,0,15,0,0,-2,2
Brazoria,K,22,375869,48039,0,0,0,0,0,2,0,0,0,0,1,6,3,0,6,1,14,6,13,9,0,18,16,14,14,13,8,0,23,6,11,15,17,9,12,13,9,13,13,17,2,11,18,12,37,10,25,28,4,15,12,9,24,28,5,9,15,4,18,25,31,12,5,12,13,24,2,9,6,40,19,9,10,11,9,10,3,5,10,8,21,12,13,10,12,12,16,10,23,0,0,-232,12,20,23,0,37,14,631,30,33,51,60,59,34,52,24,75,73,78,97,56,52,67,102,78,110,89,114,96,111,110,126,86,100,92,284,154,202,169,186,130,92,129,172,109,100,22,144,130,323,136,186,166,150,121,77,0,155
Brazos,L,43,229410,48041,0,0,0,0,0,0,0,0,1,0,1,0,0,0,10,4,5,9,6,4,4,2,7,10,5,4,3,19,0,3,11,6,2,18,6,3,6,2,7,6,5,1,0,3,4,0,4,0,1,0,6,5,4,5,6,0,1,10,13,11,13,9,6,7,9,14,4,7,6,7,8,8,21,11,10,53,2,3,3,11,8,7,7,6,4,14,16,15,33,40,21,8,31,19,26,11,60,22,18,59,145,70,68,62,19,16,45,72,116,122,105,102,121,62,122,101,103,70,83,48,94,78,100,97,60,45,60,54,80,53,60,60,24,10,35,80,49,64,53,36,23,34,32,37,27,32,13,14,17
Brewster,A,7,9133,48043,0,0,0,0,0,0,0,0,0,0,0,0,0,0,0,0,0,0,0,0,0,0,0,0,0,0,0,0,0,0,0,0,0,0,0,0,0,0,0,0,0,0,0,0,0,0,0,0,0,0,0,0,1,0,0,0,0,0,0,0,0,0,0,0,0,0,0,0,0,0,0,0,0,0,0,0,0,0,0,0,0,0,0,0,0,0,0,0,0,0,0,0,0,0,0,3,3,4,2,5,4,2,0,0,15,6,16,15,9,0,0,0,45,6,6,1,0,0,0,3,1,1,2,0,0,0,3,6,1,0,1,0,0,1,0,2,0,12,0,0,1,0,3,0,1,0,3,2,0
Briscoe,D,4,1568,48045,0,0,0,0,0,0,0,0,0,0,0,0,0,0,0,0,0,0,0,0,0,0,0,0,0,0,0,0,0,0,0,0,0,0,0,0,0,0,0,0,0,0,0,0,0,0,0,0,0,0,0,0,0,1,0,0,0,0,0,0,0,0,0,0,0,0,0,0,0,0,0,0,0,0,0,0,0,0,0,0,0,0,0,0,0,0,0,0,0,0,0,0,0,0,0,0,0,0,0,0,0,0,0,0,0,0,0,1,0,0,0,0,0,1,0,0,4,0,0,1,0,1,0,0,0,0,0,0,0,0,0,0,0,0,0,0,1,0,0,0,1,0,0,0,0,0,0,0,0
Brooks,O,13,7175,48047,0,0,0,0,0,0,0,0,0,0,0,0,0,0,0,0,0,0,0,0,0,0,0,0,0,0,0,0,0,0,0,0,0,0,0,0,0,0,0,0,0,0,0,1,0,0,0,0,0,0,0,0,0,0,0,0,0,0,0,0,0,0,0,0,0,0,0,0,0,0,0,0,0,0,0,0,0,0,0,0,0,0,0,0,0,0,0,0,0,0,0,0,0,0,0,0,1,0,0,0,0,0,0,1,0,0,0,0,0,0,0,0,0,0,3,0,3,0,1,1,7,11,6,2,4,0,0,4,8,0,2,1,0,0,1,0,1,7,11,1,2,1,1,3,1,1,1,4,3
Brown,G,23,38923,48049,0,0,0,0,0,0,0,0,0,0,0,1,0,0,1,0,1,0,0,0,0,0,0,0,1,0,1,1,0,0,2,0,2,0,0,1,0,1,0,0,1,0,0,0,0,4,0,0,11,6,0,2,0,0,0,0,2,0,0,0,0,0,0,0,13,0,0,0,0,0,0,4,0,0,1,0,0,1,0,0,1,0,0,0,1,0,0,0,0,0,0,1,0,0,0,0,0,0,1,0,0,1,0,0,0,3,0,1,2,0,0,0,5,4,8,2,12,0,0,0,18,39,0,15,0,0,66,3,8,21,4,0,0,16,10,4,8,0,0,0,20,12,5,3,0,0,0,5,0
Burleson,L,42,17718,48051,0,0,0,0,0,0,0,0,0,0,0,0,0,0,0,0,0,0,1,0,0,0,0,0,0,1,0,0,3,0,0,1,0,0,0,0,2,0,1,-1,0,0,1,1,1,0,0,0,0,1,0,0,1,1,0,0,0,0,0,1,0,0,0,1,0,1,0,1,0,0,2,0,0,2,0,0,0,0,0,1,1,0,0,1,0,1,2,1,3,0,0,3,4,0,1,1,0,0,4,3,5,0,1,1,5,7,0,1,1,1,4,2,0,7,1,2,1,0,6,0,27,11,3,14,3,1,2,2,4,22,0,2,12,1,4,11,5,0,0,2,7,2,0,1,2,0,0,1,3
Burnet,L,21,48196,48053,0,0,0,0,0,0,0,0,0,0,0,0,0,0,1,0,0,0,0,0,1,0,1,1,0,0,0,0,1,0,0,1,0,0,0,0,1,0,1,0,0,1,4,0,1,0,0,0,1,0,1,3,0,1,-1,4,1,0,0,1,1,0,0,2,0,0,0,0,0,0,0,0,1,0,0,0,0,0,1,2,3,1,1,1,1,6,4,0,2,3,0,1,0,1,0,5,1,0,0,4,9,4,1,0,9,8,3,0,15,1,1,12,0,6,6,2,2,0,36,0,22,12,2,13,8,1,17,22,9,33,0,8,3,14,16,18,8,8,2,110,17,9,3,3,3,0,0,2,0
Caldwell,M,12,44284,48055,0,0,0,0,0,0,0,0,0,0,0,0,0,0,0,0,0,0,1,0,0,0,0,0,1,1,0,1,1,0,0,1,0,0,0,0,0,1,0,0,0,1,1,-1,2,0,0,1,0,0,0,3,0,6,0,1,2,1,1,0,1,1,3,1,2,0,2,1,0,0,3,0,2,8,1,0,0,1,1,5,6,1,1,1,1,6,0,1,2,1,0,2,2,4,2,8,52,0,10,13,20,7,11,8,10,49,11,0,11,6,4,25,4,10,31,6,54,0,12,0,90,41,24,41,7,15,43,39,23,48,0,15,6,29,34,37,24,28,4,2,44,10,3,8,6,1,0,9,16
Calhoun,M,42,22840,48057,0,0,0,0,0,0,0,0,0,0,0,0,0,0,0,0,2,0,1,0,0,0,4,1,0,0,3,1,0,0,1,1,0,1,0,4,0,0,2,0,0,0,0,1,1,0,3,0,3,1,0,0,0,1,1,1,1,0,0,2,0,0,0,0,0,0,0,0,0,0,0,1,0,0,0,0,0,0,0,0,0,0,0,0,0,0,0,0,1,1,0,2,1,3,1,0,0,0,0,0,0,6,3,0,0,1,2,11,0,3,0,0,2,16,4,2,1,0,0,13,3,13,17,10,1,0,10,13,6,7,22,5,0,41,19,45,51,20,0,0,39,7,14,0,0,0,0,40,18
Callahan,G,12,13456,48059,0,0,0,0,0,0,0,0,0,0,0,0,0,0,0,0,0,0,0,0,0,0,0,0,0,0,0,0,1,0,0,0,0,0,0,0,0,0,0,0,0,0,0,0,0,0,0,0,0,1,0,0,0,0,0,0,0,0,3,1,0,0,0,0,1,1,0,0,0,0,0,0,0,0,0,0,0,1,0,0,0,0,0,0,0,0,1,0,0,0,0,0,0,2,0,1,0,0,0,0,0,0,0,0,0,0,3,0,0,0,0,0,0,1,0,1,1,0,0,5,1,0,1,1,0,0,1,0,2,1,1,0,0,4,1,0,1,0,0,0,0,0,0,2,1,0,0,2,3
Cameron,O,24,427881,48061,0,0,0,0,0,0,0,0,0,0,1,0,5,0,0,0,1,3,3,7,0,6,0,11,18,7,15,10,14,7,10,29,12,36,0,21,23,15,16,9,19,0,12,0,11,12,21,12,0,10,11,14,11,9,11,0,11,11,15,14,11,18,0,15,17,25,13,0,37,0,16,14,15,0,22,12,0,0,13,20,12,11,10,0,12,23,21,21,22,29,0,27,32,39,41,50,57,0,40,58,65,70,83,92,0,101,111,123,91,113,98,0,113,103,111,101,81,87,0,101,117,123,126,250,358,0,321,415,315,335,325,326,0,322,307,334,308,684,-19,0,374,576,647,731,816,1106,1439,1265,337
Camp,I,15,13322,48063,0,0,0,0,0,0,0,0,0,0,0,0,0,0,0,0,0,0,0,0,0,0,1,0,0,0,0,0,1,0,1,0,0,0,0,2,0,1,0,0,0,0,0,0,0,0,0,0,0,0,0,0,0,0,1,0,0,0,0,0,0,0,0,0,4,2,3,5,0,3,2,3,3,7,2,1,2,7,7,16,7,1,1,1,0,0,1,2,4,1,0,3,0,3,0,7,1,2,1,0,0,0,1,0,0,0,3,0,3,1,0,0,0,1,2,2,1,0,0,3,2,2,0,1,6,5,2,0,8,10,1,1,3,3,5,1,1,7,4,1,2,6,2,12,3,4,0,0,1
Carson,E,23,5799,48065,0,0,0,0,0,0,0,0,0,0,0,0,0,0,0,0,0,0,0,0,0,0,0,0,0,0,0,0,0,0,0,0,0,0,0,0,0,0,0,1,0,0,0,0,0,0,0,0,0,0,1,0,0,0,1,0,0,0,0,0,0,0,0,0,0,0,0,0,1,1,0,0,1,0,0,0,0,0,0,0,0,0,0,0,0,0,0,0,0,0,0,0,0,0,0,0,0,0,0,0,0,0,0,0,0,0,0,0,0,0,0,0,0,0,1,0,0,0,0,0,0,3,0,0,0,0,0,0,0,0,0,0,0,0,0,0,0,0,0,0,1,1,1,0,0,0,0,1,0
Cass,I,17,30327,48067,0,0,0,0,0,0,0,0,0,0,0,0,0,0,1,0,0,0,1,0,0,0,1,1,0,0,0,-1,1,0,0,0,0,1,0,0,0,0,0,5,1,0,-1,0,0,2,0,1,0,0,0,0,1,1,0,0,1,1,0,0,0,3,0,-3,0,0,1,1,0,1,1,0,0,0,0,0,0,2,2,4,0,0,0,0,1,0,0,0,1,0,0,1,0,1,1,0,0,0,0,1,1,0,0,0,0,0,0,1,0,0,0,1,0,3,3,0,2,2,1,1,2,0,0,0,6,4,8,2,3,5,4,4,2,2,4,3,6,29,1,1,4,1,2,6,4,0,0,5,2
Castro,D,2,7103,48069,0,0,0,0,0,0,0,0,0,0,0,1,0,1,0,1,3,1,1,0,0,0,0,0,1,1,0,0,0,0,0,0,0,1,0,0,0,0,0,0,0,0,0,1,1,0,0,0,0,0,0,0,2,0,0,3,0,2,2,0,0,1,0,0,1,1,2,-1,1,0,1,0,1,2,1,0,0,0,0,0,0,1,0,0,0,0,1,0,1,0,0,1,1,0,2,3,0,0,6,0,2,1,0,0,7,5,2,5,3,1,0,0,1,12,6,4,2,0,0,9,-1,3,2,8,0,0,1,9,5,3,4,0,3,1,0,0,1,0,0,0,13,1,2,4,3,0,0,12,6
Chambers,K,24,42320,48071,0,0,0,0,0,0,0,0,0,0,0,1,0,0,1,0,0,0,1,0,2,3,1,0,2,0,0,0,6,2,3,2,0,5,0,0,2,2,1,1,0,0,0,1,3,2,0,0,0,0,0,0,1,1,1,1,0,0,2,0,1,1,1,0,0,0,2,0,1,0,2,3,0,0,0,1,2,0,1,0,3,2,1,0,0,1,1,3,3,0,3,4,3,2,10,6,2,3,7,12,2,8,11,7,0,19,6,10,7,52,22,0,16,20,26,18,0,0,0,102,0,15,79,7,35,0,0,28,17,20,43,0,0,37,21,21,17,18,0,0,20,18,20,0,17,7,0,18,12
Cherokee,J,22,52178,48073,0,0,0,0,0,0,0,0,0,0,0,0,0,0,0,0,0,1,0,0,0,1,2,1,0,0,0,0,1,0,0,0,0,0,0,1,0,1,0,0,0,0,0,0,0,4,0,0,0,2,0,0,2,1,0,0,2,1,0,-2,0,0,0,5,4,0,4,3,0,0,2,2,6,-3,1,0,0,0,2,0,0,0,0,0,2,1,2,1,2,0,0,2,0,0,0,0,0,0,7,0,4,2,0,0,0,10,5,5,6,12,0,25,18,-1,25,16,24,0,0,38,20,16,45,26,7,0,0,53,22,28,22,0,27,0,67,0,27,28,9,8,10,52,29,14,23,0,0,24,25
Childress,D,6,7062,48075,0,0,0,0,0,0,0,0,0,0,0,0,0,0,0,0,0,0,0,0,0,0,0,0,0,0,0,0,0,0,0,0,0,0,0,0,0,0,0,0,1,0,0,0,0,0,0,0,0,0,0,0,0,0,0,0,0,0,0,0,0,1,0,0,0,0,0,0,0,0,0,0,0,0,0,0,0,0,0,0,0,0,0,0,0,0,0,0,0,0,0,2,2,0,0,0,0,0,0,0,0,0,0,0,0,0,1,0,1,-1,0,0,0,0,0,0,0,0,0,0,0,0,0,0,0,0,0,0,1,-1,2,0,0,0,5,0,2,4,0,0,7,1,5,0,1,0,0,2,0
Clay,F,14,9787,48077,0,0,0,0,0,0,0,0,0,0,0,0,0,0,0,0,0,0,0,0,0,0,1,0,0,0,0,0,0,0,0,0,1,0,0,0,1,0,0,0,0,0,0,0,0,0,0,0,0,0,0,0,0,0,0,0,0,0,0,0,0,0,0,0,0,0,0,0,0,0,0,0,0,0,0,0,0,0,0,0,0,0,0,0,1,0,1,0,0,0,0,0,0,0,0,0,0,0,0,0,0,0,0,0,0,0,0,0,0,1,0,0,1,1,0,1,0,0,0,0,4,0,1,2,0,0,3,0,0,1,-1,0,0,0,1,1,3,1,0,0,1,6,0,1,1,0,0,1,1
Cochran,D,21,3348,48079,0,0,0,0,0,0,0,0,0,0,0,0,0,0,0,0,0,0,0,0,0,0,0,0,0,0,0,0,0,0,0,0,0,0,0,0,0,0,0,0,0,0,0,0,1,0,0,0,0,0,0,0,0,0,0,0,0,0,0,0,0,0,0,0,0,0,0,0,0,0,0,0,0,0,0,0,0,0,0,0,0,0,0,0,0,0,0,0,0,0,0,0,0,0,0,0,0,0,0,0,0,0,0,0,0,0,0,0,0,0,0,0,0,0,0,0,0,0,0,2,1,1,1,0,0,0,0,2,0,0,1,0,0,0,0,1,0,1,0,0,3,4,2,1,0,0,0,6,4
Coke,C,25,3215,48081,0,0,0,0,0,0,0,0,0,0,0,0,0,0,0,0,0,0,0,0,0,0,0,0,0,0,0,0,0,0,0,0,0,0,0,0,0,0,0,0,0,0,0,0,0,0,0,0,0,0,0,0,0,0,0,0,1,0,0,0,0,0,0,0,0,0,0,0,0,0,0,0,0,0,0,0,0,0,0,0,0,0,0,0,0,0,0,0,0,0,0,0,0,1,2,0,0,0,0,0,0,0,0,0,0,1,0,0,0,0,0,0,0,0,0,0,0,0,0,0,0,0,1,0,0,0,-1,0,1,3,0,0,0,1,4,3,1,14,0,0,3,0,2,0,2,0,0,1,0
Coleman,G,22,8478,48083,0,0,0,0,0,0,0,0,0,0,0,0,0,0,0,0,0,0,0,0,0,0,0,0,0,0,0,0,0,0,0,0,0,0,0,0,0,0,0,0,0,0,0,0,0,0,0,0,0,0,0,0,0,1,0,0,0,0,1,0,0,0,0,0,0,0,0,0,0,0,0,0,0,0,0,0,0,0,0,1,0,0,0,0,0,1,0,0,-1,0,0,0,0,0,0,0,0,0,0,0,0,0,0,0,0,0,0,0,0,0,0,0,0,0,0,0,0,0,0,0,1,0,1,0,0,0,0,0,0,2,0,0,0,0,0,1,0,1,0,0,1,-1,2,1,-1,0,0,2,3
Collin,H,12,1039369,48085,1,2,0,0,0,3,0,0,0,1,5,2,7,3,14,7,8,35,30,10,6,26,24,0,43,29,0,31,19,37,35,28,19,16,12,19,5,17,11,16,1,5,17,26,14,25,30,15,9,13,16,18,14,42,18,5,15,24,11,18,30,14,17,21,24,15,15,15,8,12,19,26,17,28,14,4,15,6,32,28,19,42,19,15,0,34,42,42,17,0,0,81,18,7,7,78,9,20,120,79,101,59,38,125,34,27,109,90,37,46,139,92,119,115,117,85,122,88,112,186,118,123,160,200,151,74,152,115,134,145,75,137,83,82,158,134,-177,111,80,27,149,209,30,76,100,47,3,18,317
Collingsworth,E,35,3210,48087,0,0,0,0,0,0,0,0,0,0,0,0,0,0,0,0,0,0,0,0,0,0,0,0,0,0,0,0,0,0,0,0,0,0,0,0,0,0,0,0,0,0,0,0,0,0,0,0,0,0,0,0,0,0,0,0,1,0,0,0,0,3,0,0,0,0,0,0,0,0,0,0,0,0,0,0,0,1,0,0,0,0,0,0,0,0,0,0,0,0,0,0,0,0,0,0,0,0,0,0,0,0,0,0,0,0,0,0,0,1,0,0,0,0,0,0,0,0,0,0,0,0,0,0,0,0,0,0,0,0,0,0,0,0,0,0,0,0,0,0,0,0,1,0,0,0,0,0,0
Colorado,M,33,21273,48089,0,0,0,0,0,0,0,0,0,0,0,0,0,0,0,0,0,0,0,0,0,0,2,0,0,0,0,0,1,3,0,0,1,0,0,0,0,0,0,1,0,0,1,0,1,0,0,0,0,0,0,0,1,0,-1,0,0,2,0,1,3,0,0,0,2,0,0,0,0,0,1,0,0,0,0,0,1,0,1,1,0,0,0,0,1,0,1,0,0,0,0,2,1,1,3,2,0,1,2,5,3,2,9,0,0,0,3,8,5,11,5,0,0,6,2,5,4,0,4,1,2,32,9,9,6,3,9,3,-1,3,5,4,4,18,1,3,2,4,0,8,4,0,1,0,4,4,0,11,0
Comal,M,1,147330,48091,0,0,0,0,0,0,0,0,0,0,0,0,3,0,1,1,2,2,0,0,0,2,0,1,6,0,3,0,1,5,2,5,3,0,0,1,1,4,0,0,0,0,0,2,2,1,0,0,0,1,3,2,1,3,0,0,0,1,2,4,0,0,0,0,3,0,0,2,0,0,1,1,6,3,1,0,0,0,1,4,3,4,0,5,1,8,3,2,4,0,0,4,13,3,4,10,8,0,0,38,10,12,21,40,0,0,52,42,21,40,35,0,0,55,74,36,55,0,0,60,0,75,41,86,25,0,40,60,40,80,103,0,0,80,26,9,45,79,0,0,63,0,33,27,7,10,0,41,0
Comanche,G,24,13075,48093,0,0,0,0,0,0,0,0,0,0,0,0,0,0,0,0,0,0,0,0,0,0,1,0,0,0,0,0,2,0,0,0,0,0,0,0,0,0,0,0,0,0,0,0,0,0,0,0,0,0,0,0,0,0,0,0,0,0,0,0,0,0,0,0,0,0,0,0,0,0,2,0,0,5,0,0,0,-1,0,0,2,1,0,0,0,0,0,0,0,0,0,0,0,0,0,0,0,0,2,0,0,0,0,0,0,0,0,0,0,0,0,0,3,1,1,2,0,0,0,0,4,0,1,0,0,0,6,2,0,1,9,0,0,6,1,18,1,12,0,0,6,14,4,2,-1,0,0,11,3
Concho,B,1,4147,48095,0,0,0,0,0,0,0,0,0,0,0,0,0,0,0,0,0,0,0,0,0,0,0,0,0,0,0,0,0,0,0,1,0,0,0,0,0,0,0,0,0,0,0,0,0,0,0,0,0,0,0,0,0,0,0,0,0,0,0,0,0,0,0,0,0,0,0,0,0,0,0,0,0,0,0,0,0,0,0,0,0,0,0,0,0,0,0,0,0,0,0,0,0,0,0,0,0,0,0,0,0,0,1,0,0,0,0,2,1,2,0,0,2,0,0,0,2,0,0,0,0,2,0,0,0,2,0,0,2,0,0,0,0,2,1,0,2,0,0,0,1,0,0,1,2,0,0,0,0
Cooke,H,1,39727,48097,0,0,0,0,0,0,0,0,0,0,0,0,0,0,0,0,0,0,0,0,0,0,0,0,0,0,0,0,0,0,0,1,0,0,0,0,1,0,0,1,0,0,1,0,0,0,0,0,0,0,4,-1,0,1,0,1,0,2,0,0,1,0,0,0,1,0,0,0,0,0,0,0,0,0,0,0,0,0,0,0,1,0,0,0,2,2,1,1,0,0,0,0,0,3,0,0,0,0,1,2,1,0,0,0,0,3,0,0,0,5,0,0,8,0,0,17,1,0,0,7,7,8,3,1,0,0,11,2,7,13,0,0,0,33,3,10,3,3,0,0,10,7,0,8,3,0,0,2,4
Coryell,L,12,78317,48099,0,0,0,0,0,0,0,0,0,0,0,0,0,0,1,0,0,0,0,0,0,0,0,0,1,2,1,3,3,1,5,1,16,0,0,0,26,10,1,4,0,0,9,2,0,17,1,1,0,0,0,50,3,2,2,0,18,10,11,4,2,1,0,3,6,3,1,3,0,0,2,-1,1,0,0,0,0,1,0,0,3,1,50,1,3,4,0,0,1,-1,0,7,3,-3,3,0,1,0,0,3,1,1,0,5,5,6,1,-1,6,-1,1,3,1,0,4,1,0,0,0,0,17,3,18,24,3,3,12,2,4,4,0,10,0,9,27,18,28,7,28,16,6,10,4,14,9,2,0,6,16
Cottle,D,16,1510,48101,0,0,0,0,0,0,0,0,0,0,0,0,0,0,0,0,0,0,0,0,0,0,0,0,0,0,0,0,0,0,0,0,0,0,0,0,0,0,0,0,0,0,0,0,0,0,0,0,1,0,1,0,0,0,0,0,1,0,0,0,1,0,0,0,0,0,0,0,0,0,0,0,0,0,0,0,0,0,0,0,0,0,0,0,0,0,0,0,0,0,0,0,0,0,0,0,0,0,0,0,0,0,0,0,0,0,0,0,0,0,0,0,0,0,0,0,0,0,0,0,0,0,0,0,0,0,0,0,1,0,1,0,0,0,0,0,0,1,0,0,2,0,2,3,0,0,0,0,0
Crane,C,31,6209,48103,0,0,0,0,0,0,0,0,0,0,1,0,0,0,0,0,0,0,0,0,0,0,1,0,0,0,0,0,0,0,0,0,0,0,0,0,0,0,0,0,0,0,0,0,0,0,0,0,0,0,0,0,0,0,0,0,0,0,0,0,0,0,0,0,0,0,0,0,0,0,0,0,1,4,0,0,15,0,0,0,0,1,0,0,2,0,0,1,1,0,0,1,3,1,0,0,0,0,7,0,6,0,1,0,1,0,1,1,1,0,0,0,4,3,0,1,2,0,0,1,1,0,1,1,0,0,0,0,0,1,0,0,0,0,0,0,0,0,0,0,1,0,6,0,3,0,0,0,-5
Crockett,B,11,4040,48105,0,0,0,0,0,0,0,0,0,0,0,0,0,0,0,0,0,0,0,0,0,0,0,0,0,0,0,0,0,0,0,0,0,0,0,0,0,0,0,0,0,0,0,0,0,0,0,0,0,0,0,0,0,0,0,0,0,0,0,0,0,0,0,0,0,0,0,0,0,0,0,0,0,0,0,0,0,0,0,0,0,0,0,0,0,0,0,1,0,0,0,3,1,0,0,0,0,0,0,0,0,0,0,0,0,0,0,0,0,2,0,1,1,1,1,2,0,0,0,2,1,2,11,6,0,3,3,0,30,13,12,0,7,12,3,8,10,-1,0,0,5,1,9,3,0,0,1,2,0
Crosby,D,24,6464,48107,0,0,0,0,0,0,0,0,0,0,0,0,0,0,0,0,0,0,0,0,0,0,0,0,0,0,0,1,0,0,0,0,0,0,0,0,0,0,0,0,0,0,0,0,0,1,0,0,0,0,0,0,0,0,0,0,0,0,0,0,0,0,0,0,0,0,0,0,1,0,0,0,0,0,0,0,0,0,0,0,0,1,0,0,0,-1,0,0,0,0,0,0,1,0,0,0,0,0,3,1,0,0,0,0,0,1,4,0,2,0,0,0,6,4,1,0,0,0,0,2,2,4,-1,2,0,0,0,0,0,0,1,0,0,0,1,0,5,4,0,0,5,0,0,1,0,0,0,2,4
Culberson,A,3,2245,48109,0,0,0,0,0,0,0,0,0,0,0,0,0,0,0,0,0,0,0,0,0,0,0,0,0,0,0,0,0,0,0,0,0,0,0,0,0,0,0,0,0,0,0,0,0,0,0,0,0,0,0,0,0,0,0,0,0,0,0,0,0,0,0,0,0,0,0,0,0,0,0,0,0,0,0,0,0,0,0,0,0,0,0,0,0,0,0,0,0,0,0,0,0,0,0,0,0,0,0,0,0,0,1,0,0,2,0,0,0,0,0,0,0,0,0,0,0,0,0,1,0,2,0,0,0,0,1,0,1,3,2,0,0,0,0,0,1,0,0,0,1,0,0,0,0,0,0,1,0
Dallam,E,1,7237,48111,0,0,0,0,0,0,0,0,0,0,0,0,0,0,0,0,0,0,0,0,0,0,0,0,0,0,0,1,0,0,0,0,0,0,0,1,0,0,1,0,0,-1,0,1,0,1,4,0,0,0,2,0,0,2,0,1,-3,0,0,1,2,0,1,2,1,2,2,-1,2,0,-4,0,0,0,4,0,0,0,0,2,1,0,0,0,1,1,0,0,0,0,0,2,3,3,1,-1,0,0,1,3,6,4,0,0,9,4,14,3,-4,9,0,0,-1,2,6,0,0,0,0,11,2,0,12,0,0,0,10,3,5,1,11,0,3,1,8,13,2,0,0,0,0,0,4,1,1,0,0,1,3
Dallas,H,22,2734111,48113,0,0,2,1,0,5,0,1,6,5,2,8,0,3,98,38,134,64,0,72,49,61,82,100,100,90,94,97,43,106,63,108,105,107,79,65,89,109,80,124,134,104,84,90,81,80,71,75,105,91,135,112,179,187,181,234,237,253,246,251,249,250,251,253,236,243,235,199,214,205,224,225,0,369,204,172,178,171,190,197,202,200,219,228,228,257,239,285,298,289,263,254,298,300,312,328,345,302,305,306,413,392,394,395,408,454,445,391,403,496,561,570,572,601,544,708,1085,1103,1062,1214,1077,1029,1201,1164,1101,1174,1114,1000,1055,1027,1195,1031,1044,1026,734,413,648,659,1267,800,426,789,704,537,707,614,518,382,641
Dawson,C,2,13592,48115,0,0,0,0,0,0,0,0,0,0,0,0,0,0,0,0,0,0,0,1,0,2,0,0,0,0,0,0,2,0,0,0,1,0,2,0,0,0,4,0,0,1,1,0,4,0,0,3,0,0,0,3,0,2,0,0,3,1,0,0,0,0,0,0,2,0,4,2,0,0,0,1,0,0,0,0,0,1,0,0,1,1,0,0,0,1,2,0,0,0,0,0,0,0,0,0,0,0,0,0,0,0,0,0,0,0,0,0,0,0,0,0,7,0,7,0,11,0,0,0,0,5,0,8,0,0,9,2,4,7,1,0,0,0,6,0,10,0,0,0,5,1,5,0,4,0,0,0,0
Deaf Smith,E,31,18143,48117,0,0,0,0,0,0,0,0,0,0,0,1,0,0,1,0,0,0,0,0,0,0,0,0,1,2,0,2,0,0,0,0,0,0,1,3,0,0,0,0,1,0,2,0,3,4,0,0,4,1,0,5,0,3,1,2,1,3,0,5,0,13,0,8,25,1,26,1,2,0,11,6,2,12,4,0,0,-1,2,3,1,2,0,0,-1,3,0,8,2,0,0,7,7,2,11,9,0,0,10,1,3,7,0,0,9,12,8,6,16,3,0,0,5,13,19,13,18,0,0,16,12,18,2,6,0,0,1,14,7,1,7,0,8,21,18,5,8,11,0,0,9,19,27,16,16,0,0,15,17
Delta,I,11,5367,48119,0,0,0,0,0,0,0,0,0,0,0,0,0,0,0,0,0,0,0,0,0,0,0,0,0,0,0,0,0,1,0,0,0,0,0,0,0,0,0,0,0,0,0,0,0,0,0,0,0,0,0,0,0,0,0,0,0,0,0,0,0,0,0,0,0,0,0,0,0,0,0,0,0,0,0,0,0,0,0,0,0,0,0,0,0,1,0,0,0,0,0,0,0,0,0,0,0,0,0,1,0,1,0,0,0,0,1,0,0,0,0,1,0,0,1,0,0,0,0,0,0,0,0,0,1,0,1,0,0,0,0,1,1,0,1,0,0,0,0,0,0,1,0,1,0,2,0,0,0
Denton,H,11,897953,48121,0,0,0,0,0,0,0,1,3,0,2,5,1,0,18,0,40,13,54,11,17,26,15,25,23,19,15,16,33,29,32,28,28,20,8,25,14,26,17,21,7,1,5,21,25,17,19,22,11,12,13,10,17,21,13,4,3,26,14,26,30,12,8,24,22,21,27,24,11,18,19,28,45,27,17,7,12,9,22,30,33,11,28,16,25,18,19,19,13,19,14,24,35,40,33,55,32,17,36,40,81,87,74,59,50,56,83,115,77,87,49,40,70,105,106,81,152,95,59,65,56,123,115,113,127,112,113,154,151,138,160,122,81,130,218,228,179,192,128,78,87,123,162,188,122,91,44,94,95
DeWitt,M,31,21737,48123,0,0,0,0,0,0,0,0,0,1,0,0,0,0,0,0,1,1,0,0,0,0,1,0,2,0,1,0,0,0,1,0,1,0,0,1,0,0,0,3,0,0,1,0,0,0,1,0,0,0,0,0,0,0,0,0,0,0,0,0,0,0,0,2,0,0,0,0,0,0,0,0,0,0,0,0,0,0,0,0,0,0,0,0,0,0,0,1,0,0,0,5,1,1,1,2,0,0,3,0,4,0,2,0,0,5,0,1,4,9,0,0,0,14,0,26,0,0,0,14,0,21,0,28,0,0,29,0,0,93,25,0,0,1,135,0,1,58,0,1,0,20,0,6,3,0,0,95,15
Dickens,D,25,2174,48125,0,0,0,0,0,0,0,0,0,0,0,0,0,0,0,0,0,0,0,0,0,0,0,0,0,0,0,0,0,1,0,0,1,0,-1,0,0,0,0,0,0,0,0,0,0,0,0,0,0,0,0,0,0,0,0,0,0,0,0,0,0,0,0,0,0,0,0,0,0,0,0,0,0,0,0,0,0,0,0,0,0,0,0,0,0,0,0,0,0,0,0,0,0,0,1,0,0,0,0,0,0,0,0,0,0,0,0,0,0,0,0,0,0,0,0,0,0,0,0,0,0,0,0,0,0,0,0,0,2,0,0,0,0,0,0,0,0,0,0,0,0,0,0,0,0,0,0,0,0
Dimmit,N,22,11743,48127,0,0,0,0,0,0,0,0,0,0,0,0,0,0,0,0,0,0,0,0,0,0,0,0,0,0,0,0,0,0,0,0,1,0,0,0,0,0,0,0,0,0,0,0,0,0,0,0,0,0,0,0,0,0,0,0,0,0,0,0,0,0,0,0,0,0,0,0,0,0,0,0,0,0,0,0,0,0,0,0,0,0,0,0,0,0,0,0,0,0,0,0,0,0,0,0,0,0,0,0,0,2,0,0,0,0,0,2,4,2,0,0,2,0,0,0,0,0,0,5,0,7,5,1,7,0,0,1,1,9,6,1,0,4,1,11,10,5,0,0,11,21,2,0,3,0,0,7,7
Donley,E,34,3410,48129,0,0,0,0,0,0,0,0,0,0,0,0,0,0,0,0,0,0,0,0,0,0,0,1,4,0,2,0,0,6,1,7,2,-1,0,0,0,1,0,0,0,0,1,0,0,0,0,0,0,0,0,0,0,1,0,0,0,0,0,0,0,1,0,-1,0,0,1,-1,0,1,1,-1,0,0,0,0,0,0,0,0,0,0,0,0,0,0,1,0,0,0,0,0,0,0,1,0,0,0,0,-1,0,0,0,0,0,0,0,0,0,0,0,0,0,0,0,0,0,0,0,1,0,0,0,4,0,0,1,0,1,0,1,0,0,0,2,0,1,0,0,0,4,1,0,0,0,0,0,1,1
Duval,O,2,11796,48131,0,0,0,0,0,0,0,0,0,0,0,0,0,0,0,0,0,0,0,0,0,0,0,0,0,0,0,0,0,0,0,0,0,0,0,1,0,0,0,0,0,0,0,0,0,0,1,0,0,0,0,0,0,1,0,0,0,0,0,0,2,0,0,0,0,0,0,0,0,0,0,1,-1,0,0,0,0,0,0,0,0,0,0,0,0,0,0,0,0,0,0,0,0,0,0,0,0,0,0,0,0,0,0,0,0,1,1,1,1,1,5,5,21,9,4,0,2,1,5,3,2,3,4,1,5,3,6,0,5,3,0,8,0,1,3,1,4,5,9,1,14,3,2,2,0,1,1,0,9
Eastland,G,13,18205,48133,0,0,0,0,0,0,0,0,0,0,0,0,0,0,2,0,0,0,1,0,0,0,0,0,0,0,0,0,0,0,0,0,0,0,0,0,0,0,0,0,0,0,0,0,0,0,0,0,0,0,0,0,0,0,0,0,0,0,0,0,0,0,0,0,0,1,0,1,0,0,0,0,0,0,0,0,0,0,1,0,0,0,0,0,0,1,0,0,0,0,0,0,0,0,0,0,0,0,0,0,0,0,0,0,0,0,1,0,0,1,0,0,1,0,0,1,0,0,0,0,2,4,0,3,0,0,0,0,1,2,6,0,0,5,0,1,3,1,0,0,2,4,4,3,-1,0,0,7,5
Ector,C,21,184841,48135,0,0,0,0,0,0,0,0,0,0,0,0,0,0,0,0,0,0,0,1,2,4,4,1,3,7,0,4,4,0,4,5,1,1,2,2,1,2,7,3,0,0,2,1,1,5,0,0,3,6,2,3,-3,0,3,-3,6,1,5,4,1,0,4,1,0,2,1,6,5,0,1,9,6,4,2,8,2,5,1,0,0,2,0,0,7,6,8,10,2,0,0,19,8,7,6,11,0,0,22,15,14,11,25,0,0,34,37,38,46,26,0,0,52,0,112,48,0,0,0,228,0,159,0,130,0,0,135,0,141,0,64,0,0,68,0,124,0,133,0,0,258,16,0,85,17,0,0,84,7
Edwards,B,22,1991,48137,0,0,0,0,0,0,0,0,0,0,0,0,0,0,0,0,0,0,0,0,0,0,0,0,0,0,0,0,0,0,0,0,0,0,0,0,0,0,0,0,0,0,0,0,0,0,0,0,0,0,0,0,0,0,0,0,0,0,0,0,0,0,0,0,0,0,0,0,0,0,0,0,0,0,0,0,0,0,0,0,0,0,0,0,0,0,0,0,0,0,0,0,0,0,0,0,0,0,0,0,0,0,0,0,0,0,0,2,0,0,0,0,0,0,0,0,0,0,0,0,0,0,0,2,6,0,0,0,1,2,0,1,0,1,3,2,0,2,0,0,0,0,2,0,0,0,0,1,2
El Paso,A,1,876120,48141,0,0,0,0,0,1,0,2,0,0,0,3,0,0,1,4,10,0,10,4,5,6,4,18,10,18,10,9,10,28,39,33,27,17,23,8,46,47,58,31,23,26,9,47,58,29,32,74,22,27,28,30,37,37,25,12,31,51,39,71,86,46,18,8,65,43,151,48,71,46,80,78,116,114,105,75,36,17,68,108,54,81,60,30,39,39,197,144,85,78,0,136,70,68,45,99,40,77,37,51,89,90,162,148,65,124,132,175,233,113,284,131,183,196,265,276,288,0,508,181,393,350,361,353,411,206,237,345,340,205,289,441,196,272,256,204,249,221,269,0,312,255,132,337,134,302,202,228,285
Ellis,H,33,177721,48139,0,0,0,0,0,0,0,0,0,0,2,0,1,0,2,1,0,4,3,0,2,1,4,6,1,2,0,0,6,6,9,8,8,0,0,6,4,5,1,1,0,7,10,10,1,10,6,0,6,0,10,5,0,18,0,3,7,8,4,5,9,0,9,5,5,15,5,6,0,0,11,6,2,6,0,0,0,17,1,15,4,8,0,0,8,7,6,23,3,0,0,35,19,11,8,11,0,0,10,12,20,20,0,0,0,29,145,0,0,27,0,0,109,42,39,77,68,0,0,136,169,73,61,25,0,0,219,82,26,120,15,0,0,118,39,54,33,52,0,0,64,55,20,45,20,0,0,73,146
Erath,G,25,41526,48143,0,0,0,0,0,0,0,0,0,0,0,0,0,0,1,0,0,0,0,0,0,0,1,0,1,4,0,0,1,1,1,0,2,0,0,0,0,0,0,0,0,0,0,0,0,0,0,0,0,0,0,0,0,0,0,0,0,1,2,-1,0,0,0,0,0,1,0,0,0,0,0,0,0,0,0,0,0,1,0,0,0,1,0,0,0,0,0,8,1,0,0,3,0,1,2,4,0,0,1,4,2,1,0,0,0,0,25,0,0,0,0,0,18,5,11,30,13,0,0,14,26,14,7,9,0,0,20,21,9,8,12,0,0,14,14,15,12,14,0,0,34,41,17,10,5,0,0,14,13
Falls,L,23,16603,48145,0,0,0,0,0,0,0,0,0,0,0,0,0,1,0,0,0,0,0,0,0,0,0,0,0,0,0,0,0,0,0,0,0,0,0,0,0,0,0,0,0,0,0,0,0,0,0,1,1,0,1,0,0,0,0,0,2,0,0,0,0,0,0,0,0,0,0,0,0,0,0,0,0,0,0,0,0,0,0,0,0,1,0,0,2,0,1,1,0,0,0,2,0,1,0,0,3,0,1,1,2,1,0,0,1,2,0,0,0,0,1,2,1,2,0,0,3,0,1,0,9,2,4,6,0,0,1,0,3,6,0,2,0,7,3,17,3,5,0,0,3,0,2,1,1,0,0,2,2
Fannin,H,3,34597,48147,0,0,0,0,0,0,0,0,0,0,1,0,0,0,0,0,0,0,0,0,0,0,0,0,1,0,0,0,0,2,0,1,0,0,0,0,0,0,0,2,0,1,1,3,1,0,2,0,1,1,1,0,0,1,0,1,0,2,1,0,0,0,0,0,1,0,0,1,0,0,2,1,1,5,0,0,0,3,0,0,1,3,0,0,-1,1,0,1,1,0,0,6,1,1,1,2,0,0,1,4,6,0,0,0,0,2,15,0,0,0,0,0,6,3,5,13,3,0,0,10,0,8,5,2,0,0,8,5,3,12,0,0,0,10,6,0,0,5,0,0,10,10,5,3,0,0,0,5,18
Fayette,M,22,26086,48149,0,0,0,0,0,0,0,0,0,0,0,0,0,0,1,0,0,0,0,0,1,0,2,0,6,0,1,-2,0,0,-1,1,0,1,0,0,2,1,2,0,0,0,-1,1,0,0,-1,0,0,0,0,0,1,0,0,0,2,0,2,2,3,1,0,1,0,2,-2,3,0,0,2,0,0,1,0,0,0,0,0,2,0,0,0,0,0,2,2,0,0,0,0,0,1,4,1,-1,1,0,1,7,-1,1,6,2,6,5,4,1,-1,0,5,6,0,4,5,1,8,0,0,0,30,2,6,9,5,2,16,5,18,9,0,11,-1,8,29,17,5,6,0,0,10,5,1,2,1,0,0,1,0
Fisher,C,5,3985,48151,0,0,0,0,0,0,0,0,0,0,0,0,0,0,0,0,0,0,0,0,0,0,0,0,0,0,0,0,0,0,0,0,0,0,0,0,0,0,0,0,0,0,0,0,0,0,0,0,0,0,0,0,0,0,0,0,0,0,0,0,0,0,0,0,0,0,1,0,0,0,1,0,0,0,0,0,0,0,0,0,0,0,0,0,0,0,0,0,0,0,0,0,0,0,0,0,0,0,0,0,0,0,0,0,0,0,0,0,0,3,0,0,0,0,3,2,0,1,0,0,0,0,0,2,0,0,1,2,0,0,6,0,0,0,1,0,0,0,0,0,0,0,0,1,0,0,0,2,0
Floyd,D,14,5786,48153,0,0,0,0,0,0,0,0,0,0,0,0,0,0,0,0,0,0,0,0,0,0,0,0,0,0,0,0,0,1,0,0,0,0,0,0,1,0,0,0,0,0,0,0,1,0,0,0,0,0,0,0,0,0,0,0,1,0,0,0,0,0,0,0,0,0,0,0,0,0,1,0,0,0,0,0,0,0,2,1,3,0,0,0,0,4,0,1,0,0,0,0,0,0,0,0,0,0,0,0,1,1,0,0,1,2,0,1,0,0,0,0,6,3,3,0,2,0,0,10,3,0,1,2,0,0,1,8,0,-1,1,0,1,1,0,0,1,1,0,0,8,3,6,1,0,0,0,2,1
Foard,F,2,1240,48155,0,0,0,0,0,0,0,0,0,0,0,0,0,0,0,0,0,0,0,0,0,0,0,0,0,0,0,0,0,0,0,0,0,0,0,0,0,0,0,0,0,0,0,0,0,0,0,0,0,0,0,0,0,0,0,0,0,0,0,0,0,0,0,0,0,0,0,0,0,0,0,0,0,0,0,0,0,0,0,0,0,0,0,0,0,0,0,0,0,0,0,0,0,0,0,0,0,0,0,0,0,0,0,0,0,0,0,0,0,0,0,0,0,0,0,0,0,0,0,0,0,0,1,0,0,0,0,0,0,0,0,0,0,1,-1,0,1,0,0,0,0,0,0,0,0,0,0,0,0
Fort Bend,K,21,840383,48157,6,0,0,0,0,3,0,0,0,0,2,0,0,0,18,17,8,32,15,0,18,0,44,31,27,34,13,12,38,99,20,48,33,18,0,7,84,0,29,99,0,28,16,9,62,19,16,14,33,5,16,45,34,27,54,50,4,58,42,45,25,13,15,19,0,48,19,39,48,1,0,22,40,31,9,15,9,47,0,34,17,49,29,20,0,35,35,81,85,0,0,21,87,74,21,38,27,0,17,94,171,59,156,69,118,63,44,91,130,248,71,0,6,60,86,131,121,0,0,166,60,67,111,93,141,41,216,196,73,87,318,290,0,16,135,109,113,108,70,0,149,93,80,108,122,109,0,96,580
Franklin,I,13,10924,48159,0,0,0,0,0,0,0,0,0,0,0,0,0,0,0,0,0,0,0,1,0,0,0,0,0,0,0,0,0,0,0,0,0,0,0,0,0,0,0,0,0,0,0,0,0,0,0,0,0,0,0,0,0,1,0,0,0,1,0,0,0,0,0,0,0,1,0,1,0,1,1,1,0,1,2,1,0,0,1,0,0,2,0,1,0,1,1,0,1,0,0,3,0,2,0,3,0,0,0,2,1,0,1,2,0,2,0,1,3,2,0,0,0,0,6,3,0,0,0,3,0,0,2,0,2,1,3,0,4,2,-1,1,0,1,2,1,6,1,0,0,1,1,4,-1,1,0,0,3,2
Freestone,J,1,19860,48161,0,0,0,0,0,0,0,0,0,0,0,0,0,0,0,0,0,0,0,0,0,0,0,0,0,0,0,0,0,0,0,0,0,0,0,0,1,0,0,2,0,0,0,0,0,0,0,0,0,0,0,0,2,1,1,0,0,0,0,0,0,0,0,0,0,1,-1,0,0,0,0,0,0,0,3,0,0,0,0,0,0,0,0,0,0,0,0,0,1,0,0,1,1,-1,3,0,0,0,2,0,2,-1,0,1,0,1,0,1,2,-3,0,8,0,1,2,2,0,0,6,0,20,5,5,4,0,0,4,6,8,2,0,2,1,10,2,11,3,6,1,0,6,3,-1,1,0,0,1,0,3
Frio,N,13,20023,48163,0,0,0,0,0,0,0,0,0,0,0,0,0,0,0,0,0,0,0,0,0,0,0,0,0,0,0,0,0,1,0,0,0,0,0,0,0,0,0,0,0,0,0,0,0,0,2,0,0,1,3,0,0,1,2,0,0,0,15,0,9,0,0,0,0,0,0,1,0,0,0,0,0,0,0,1,0,0,1,0,0,0,0,0,0,0,0,3,0,6,0,4,4,0,3,7,15,0,0,1,6,33,11,9,0,3,15,0,16,8,-3,0,14,26,7,0,8,0,0,5,1,54,5,40,-2,0,0,5,1,0,7,27,0,4,2,31,8,4,0,0,7,15,11,0,17,0,0,1,19
Gaines,C,1,22121,48165,0,0,0,0,0,0,0,0,0,0,0,0,0,0,0,1,0,0,0,0,0,0,0,0,0,0,0,0,0,0,0,0,0,0,1,0,0,0,0,0,0,0,0,0,0,0,0,0,0,0,0,0,0,0,0,0,1,0,0,0,0,0,0,1,0,0,1,0,0,0,1,0,0,0,0,0,0,0,1,0,0,0,0,0,0,0,0,0,1,0,0,1,0,0,0,5,0,0,0,0,0,0,0,0,0,0,0,1,0,0,0,0,1,0,10,0,2,0,0,2,6,3,0,4,0,0,2,1,3,5,3,0,0,3,8,9,9,0,0,0,13,7,8,5,13,0,0,4,9
Galveston,K,23,355196,48167,0,0,0,0,0,1,0,0,1,0,2,2,3,6,3,3,6,13,9,0,21,22,14,12,12,6,86,18,16,16,15,21,33,14,0,22,15,9,20,17,12,5,13,11,12,16,15,17,2,7,6,18,23,19,15,7,12,11,10,3,4,4,5,1,2,3,2,3,5,1,4,9,6,11,8,9,3,1,10,16,9,7,12,10,30,10,19,30,0,66,22,32,25,33,30,52,71,18,57,66,108,49,107,142,83,101,72,226,149,252,154,102,139,231,272,213,212,0,0,596,223,254,257,310,243,0,328,106,145,175,284,214,0,229,125,184,131,120,132,0,159,162,127,111,116,104,0,174,107
Garza,D,34,6784,48169,0,0,0,0,0,0,0,0,0,0,0,0,0,0,0,0,0,0,0,0,0,0,0,0,0,0,0,0,0,0,0,0,0,0,0,0,0,0,0,0,0,0,0,0,0,0,0,0,0,0,0,1,0,2,0,0,0,0,0,0,0,0,0,1,0,0,0,0,0,0,0,0,0,0,1,0,0,0,0,0,0,0,0,0,0,1,0,0,0,0,0,0,1,-1,0,0,0,0,1,0,0,0,0,0,0,0,0,4,0,1,0,0,0,0,0,0,0,0,0,2,4,1,1,1,0,0,1,17,19,0,2,0,0,22,0,6,2,4,0,0,0,1,0,1,1,0,0,0,2
Gillespie,B,18,26191,48171,0,0,0,0,0,0,0,0,0,0,0,0,0,0,0,0,0,0,0,0,0,0,0,1,0,0,0,0,0,0,0,0,0,0,0,0,0,0,0,0,0,0,0,0,0,0,0,0,0,0,0,0,1,1,0,1,0,0,0,0,0,0,0,0,0,0,0,0,0,0,1,0,0,0,0,0,0,0,0,0,0,0,0,0,0,0,0,0,0,0,0,0,0,0,0,1,0,0,3,0,1,6,1,0,0,6,6,4,0,0,0,0,9,0,-1,1,3,0,0,4,4,2,8,2,0,0,0,5,3,7,40,3,0,1,9,10,9,4,0,0,9,0,6,0,0,0,0,0,3
Glasscock,C,23,1365,48173,0,0,0,0,0,0,0,0,0,0,0,0,0,0,0,0,0,0,0,0,0,0,0,0,0,0,0,0,0,0,0,0,0,0,0,0,0,0,0,0,0,0,0,0,0,0,0,0,0,0,0,1,0,0,0,0,0,0,0,0,0,0,0,0,0,0,0,0,0,0,0,0,0,0,0,0,0,0,0,0,0,0,0,0,0,0,0,0,0,0,0,0,0,0,0,1,0,0,1,0,2,0,0,0,0,0,0,0,0,0,0,0,0,0,0,0,0,0,0,0,1,0,0,0,0,0,0,0,0,0,0,0,0,0,0,0,0,0,0,0,0,0,0,0,0,0,0,0,0
Goliad,N,27,7717,48175,0,0,0,0,0,0,0,0,0,0,0,0,0,0,0,0,0,0,0,0,0,0,0,1,0,0,0,2,0,0,0,1,0,0,0,0,1,0,0,0,0,0,1,0,0,0,0,1,0,0,0,0,0,0,0,0,0,0,0,0,0,0,0,0,0,0,0,0,0,0,0,0,0,0,0,0,0,0,0,0,0,0,0,0,0,0,0,0,0,0,0,0,0,0,0,0,0,0,0,0,0,0,0,0,0,0,0,1,0,4,0,0,2,0,1,0,0,0,-1,1,0,6,6,3,3,0,0,0,-2,0,0,0,0,3,18,7,5,4,0,0,1,8,0,0,0,0,0,0,0
Gonzales,M,21,21347,48177,0,0,0,0,0,0,0,0,0,0,0,0,0,0,0,0,0,0,0,0,0,0,1,0,0,0,0,0,0,0,1,0,0,0,0,0,0,0,0,0,0,0,0,1,1,0,4,4,0,2,4,2,1,2,4,3,1,0,0,0,9,13,6,0,3,8,3,2,4,6,1,2,2,1,0,0,0,0,9,11,7,3,8,0,3,11,1,3,2,2,0,2,2,2,0,8,1,0,3,3,3,28,10,2,0,2,14,4,9,3,1,0,12,1,36,4,5,0,1,7,0,2,2,5,25,0,0,7,33,33,11,1,0,43,23,38,30,2,0,0,29,8,7,0,4,0,0,14,15
Gray,E,24,24252,48179,0,0,0,0,0,0,0,0,0,0,0,0,0,0,0,0,0,0,0,0,0,0,1,0,0,4,0,4,0,2,1,0,1,0,0,0,0,3,0,1,0,0,3,2,5,5,3,2,0,1,4,5,11,0,0,9,1,3,2,0,0,2,0,1,1,0,11,3,0,2,1,1,0,0,0,1,0,0,0,0,0,2,0,0,2,0,1,3,0,0,0,1,1,1,4,0,0,0,0,0,1,1,0,0,0,0,0,0,0,1,0,0,0,3,0,2,2,0,0,1,4,0,4,3,0,0,0,2,2,1,1,0,1,0,1,0,8,1,0,0,7,3,7,12,4,0,0,13,9
Grayson,H,2,131710,48181,0,0,0,0,0,0,0,0,0,0,0,0,0,0,1,1,0,0,0,1,3,1,1,3,1,0,0,1,1,1,0,2,0,0,0,0,2,0,0,0,0,0,0,0,0,0,3,0,1,1,3,4,3,4,3,8,4,5,2,18,5,6,2,14,7,10,7,11,7,5,13,34,69,7,12,9,4,3,7,6,7,4,6,5,4,8,5,11,6,3,2,7,5,14,5,25,0,5,2,33,8,10,0,23,4,3,16,10,3,8,5,3,6,8,14,23,13,3,0,15,40,7,13,23,5,7,11,17,22,31,20,4,1,13,18,18,17,3,5,0,16,24,9,15,18,10,10,10,16
Gregg,I,24,125730,48183,0,1,0,0,0,0,0,0,0,0,0,0,0,0,0,0,2,1,0,0,1,0,1,1,1,5,0,-3,10,2,13,2,2,0,0,6,1,2,0,2,1,0,1,1,2,3,0,4,4,3,0,4,7,7,0,0,10,10,2,8,0,1,0,14,4,2,4,28,0,0,3,0,7,3,2,0,0,0,12,4,2,10,0,0,23,8,5,1,7,0,0,15,1,1,0,4,0,0,7,11,6,2,1,0,0,5,3,2,16,0,8,0,16,20,14,10,0,18,0,54,181,30,46,34,0,0,75,52,38,23,58,0,0,85,29,25,15,33,0,0,55,14,6,15,28,0,0,9,26
Grimes,K,1,28930,48185,0,0,0,0,0,0,0,0,0,0,0,0,0,0,2,0,0,0,0,0,0,1,0,0,0,0,0,0,1,2,-1,1,0,1,0,0,0,2,1,0,0,0,0,0,0,3,0,0,2,1,0,3,0,2,1,0,0,3,0,12,5,0,0,0,12,2,7,2,0,0,0,24,2,3,5,0,1,4,7,2,1,7,94,2,1,8,0,0,11,4,0,4,7,0,18,1,3,0,7,6,4,-3,1,12,2,9,0,10,16,3,3,11,158,26,6,6,6,0,1,17,42,21,6,-2,4,1,11,33,4,7,0,20,4,13,27,22,8,5,-1,4,20,4,4,6,1,1,9,5,7
Guadalupe,M,11,170266,48187,0,0,0,0,0,0,0,0,0,0,0,0,0,0,0,4,4,0,0,2,3,2,2,3,3,3,2,0,11,6,1,1,0,2,0,1,0,3,0,0,4,1,2,3,1,0,3,1,1,0,11,0,1,4,0,1,1,1,2,2,0,3,2,2,0,2,5,3,1,0,0,4,2,5,1,0,0,0,2,2,3,3,1,0,0,2,7,3,2,0,0,0,4,3,6,5,6,0,4,9,2,94,31,12,0,94,50,96,18,55,2,0,60,7,32,31,81,0,9,38,5,28,37,48,30,0,0,71,54,24,88,15,0,68,48,46,27,34,0,0,23,0,51,0,4,0,0,13,40
Hale,D,13,33202,48189,0,0,0,0,0,0,0,0,0,0,0,0,0,0,0,0,0,1,0,0,0,0,0,0,5,0,1,0,0,0,2,0,2,0,0,0,0,0,0,0,1,0,3,1,0,3,0,0,0,5,0,1,0,1,3,0,0,2,6,0,0,0,0,2,1,1,1,1,1,0,5,0,1,3,1,1,0,0,1,0,1,0,1,0,0,2,0,0,0,0,1,0,6,0,9,0,9,0,15,10,0,12,13,4,0,37,2,36,21,0,0,0,50,15,69,58,73,0,0,92,0,69,46,56,0,0,13,32,39,24,15,48,0,0,40,58,17,12,24,0,18,59,0,11,12,0,0,45,14
Hall,D,5,3305,48191,0,0,0,0,0,0,0,0,0,0,0,0,0,0,0,0,0,0,0,0,0,0,0,0,0,0,0,0,0,0,0,0,0,0,0,0,0,0,0,0,0,0,0,0,0,0,0,0,0,0,0,0,0,0,0,0,0,0,0,0,0,0,0,0,0,0,0,0,0,0,0,1,0,0,0,1,0,0,0,0,0,0,0,0,0,0,0,0,0,0,0,0,0,0,0,0,0,0,0,0,0,0,0,0,0,0,0,0,0,0,0,0,0,0,0,0,0,0,0,0,0,0,0,0,0,0,0,0,0,0,0,0,0,0,2,0,1,1,0,0,1,0,1,0,0,0,0,1,1
Hamilton,L,2,8220,48193,0,0,0,0,0,0,0,0,0,0,0,0,0,0,0,0,0,0,0,0,0,0,0,0,0,0,0,0,1,0,0,0,1,0,0,0,1,0,2,0,0,0,0,0,0,0,0,0,0,0,0,0,0,0,0,0,0,0,0,1,0,0,1,0,-1,1,0,0,0,0,0,0,0,0,0,0,0,0,0,0,0,1,0,0,0,0,1,0,0,0,0,1,0,0,1,0,0,0,4,3,0,0,0,0,1,0,0,0,0,0,0,1,0,0,0,1,1,0,0,0,4,2,0,4,0,0,2,5,0,2,0,4,0,2,2,0,2,2,0,1,0,0,0,1,0,0,0,0,0
Hansford,E,3,5820,48195,0,0,0,0,0,0,0,0,0,0,0,0,0,0,0,0,0,0,0,0,0,0,0,0,0,0,0,1,0,0,0,0,0,0,0,0,0,0,0,0,0,0,0,0,1,0,2,0,0,1,0,1,0,0,1,0,4,0,0,1,0,0,0,1,0,2,0,1,0,0,0,1,1,0,0,0,0,0,0,0,0,1,0,0,0,1,0,0,0,0,0,0,1,0,0,0,0,0,2,0,0,0,0,0,0,1,0,2,1,1,0,0,0,0,3,0,0,0,0,0,0,0,1,3,0,0,3,2,2,0,1,0,0,1,1,0,2,0,0,0,2,10,0,0,0,0,0,-1,0
Hardeman,F,1,3870,48197,0,0,0,0,0,0,0,0,0,0,0,0,0,0,0,0,0,0,0,0,0,0,0,0,0,0,0,0,0,0,0,0,0,0,0,0,0,0,0,0,0,0,0,0,0,0,0,0,0,0,0,0,0,0,0,0,0,0,0,0,0,0,0,0,0,0,0,0,0,0,0,0,0,1,0,0,0,0,0,0,0,0,0,0,0,1,0,1,0,0,0,1,0,0,0,0,0,0,0,0,0,0,0,0,0,0,0,0,0,0,0,0,1,0,0,0,0,0,0,0,0,0,0,0,0,0,1,0,0,0,0,0,0,2,2,0,0,1,0,0,2,1,0,1,0,0,0,1,1
Hardin,K,16,56486,48199,0,0,0,0,0,0,0,0,0,0,0,0,0,0,0,2,0,2,2,3,0,3,1,1,0,0,12,0,2,13,0,0,6,14,0,0,4,1,1,0,6,0,12,4,2,0,1,0,0,4,3,0,1,3,0,0,9,0,1,0,0,2,0,0,0,1,0,1,0,0,1,3,0,4,11,0,0,0,0,1,1,0,0,0,0,0,4,0,0,0,0,0,2,0,1,1,0,0,1,8,1,11,5,0,0,22,11,6,1,5,0,0,15,22,3,3,0,0,0,15,28,3,63,35,0,0,0,84,0,36,0,0,0,44,56,12,24,22,0,0,52,52,14,0,11,0,0,48,43
Harris,K,14,4978845,48201,5,0,0,2,0,3,0,0,0,0,14,2,1,0,27,80,51,18,26,216,81,37,117,167,108,151,178,111,414,337,195,706,214,300,68,118,160,190,209,154,193,170,154,166,68,119,152,146,101,98,159,175,195,195,157,130,129,161,116,133,217,209,75,298,240,205,196,233,76,339,170,224,236,188,243,244,151,74,286,261,228,239,211,56,388,363,241,335,337,483,163,332,320,314,312,324,380,210,504,425,450,395,1187,1135,179,1994,1374,1365,1231,1238,908,113,1453,693,1437,1249,1208,597,684,1179,1535,701,907,1081,1939,1429,2001,1658,1343,1599,1586,1251,963,1326,1385,1444,1492,1203,1494,1236,846,1465,1466,1724,2114,1920,1758,1463,1438
Harrison,I,25,68247,48203,0,0,0,0,0,0,0,0,0,0,0,0,0,0,0,0,0,1,0,0,0,0,2,2,0,0,1,2,2,0,2,0,0,4,0,4,14,1,5,2,2,3,11,1,2,8,0,2,15,-2,0,18,11,8,19,0,9,11,7,13,0,6,0,3,3,3,5,0,2,0,3,1,11,5,1,2,3,0,8,3,0,5,1,0,2,3,5,1,0,0,0,2,1,2,6,1,1,1,-1,0,-1,0,3,1,2,2,3,2,3,4,0,1,19,6,11,2,5,7,24,20,6,3,6,3,24,4,22,7,29,10,7,1,8,6,8,13,18,4,4,8,15,7,8,5,11,1,3,6,14
Hartley,E,11,6067,48205,0,0,0,0,0,0,0,0,0,0,0,0,0,0,0,0,0,0,0,0,0,0,0,0,0,0,0,0,0,0,0,0,0,0,0,0,0,0,0,0,0,1,0,0,1,2,0,0,0,0,0,0,1,0,0,0,2,0,0,0,1,0,0,1,0,0,0,0,0,0,2,0,0,0,0,0,0,0,0,0,0,0,0,1,0,0,0,0,0,0,0,0,0,0,0,1,0,0,0,0,0,0,0,0,0,0,0,0,8,1,0,0,4,2,3,5,0,0,0,0,4,5,10,0,0,0,4,2,-2,2,6,0,3,1,1,2,4,3,0,0,0,0,1,0,0,0,0,0,0
Haskell,F,21,6197,48207,0,0,0,0,0,0,0,0,0,0,0,0,0,0,0,0,0,0,0,0,0,0,0,0,0,0,0,0,0,0,0,0,0,0,0,0,0,0,0,0,0,0,0,0,0,0,0,0,0,0,0,0,0,0,0,0,0,0,0,0,0,0,0,0,0,0,1,0,0,0,1,0,0,0,0,0,0,0,0,0,1,0,0,0,0,0,0,0,0,0,0,0,0,0,1,0,0,0,0,0,0,0,0,0,0,0,0,0,0,0,0,0,1,0,0,0,0,0,0,1,0,1,-1,0,0,0,2,9,2,13,-8,0,0,1,0,0,3,2,0,0,0,0,3,1,1,0,0,4,0
Hays,M,2,234896,48209,0,0,0,0,0,1,0,0,0,2,1,1,1,0,1,0,2,4,0,0,3,8,14,4,3,2,3,4,5,2,16,2,3,0,0,0,11,16,0,0,0,0,0,31,0,0,8,0,0,7,6,4,0,2,0,1,8,0,0,19,8,0,0,0,11,3,2,0,0,0,0,19,12,9,7,4,0,0,9,18,17,15,0,0,24,18,14,0,0,0,0,56,24,27,82,99,0,0,265,155,145,210,103,57,103,160,130,193,81,140,54,117,75,158,105,126,17,21,0,105,50,85,81,92,33,21,88,56,70,47,49,0,0,114,25,41,46,42,0,0,70,42,31,21,0,0,0,596,38
Hemphill,E,15,4644,48211,0,0,0,0,0,0,0,0,0,0,0,0,0,0,0,0,0,0,0,0,0,0,0,0,0,1,0,0,0,0,0,0,0,0,0,0,0,0,0,0,0,0,0,0,0,0,0,0,0,0,0,0,0,0,0,0,0,0,0,0,0,0,0,0,0,0,0,0,0,0,0,0,0,0,0,0,0,0,0,0,0,0,0,0,0,0,0,0,0,0,0,0,0,0,0,0,0,0,0,1,0,0,0,0,1,0,0,2,1,1,0,0,0,1,2,4,1,0,0,0,2,1,2,0,0,0,2,0,0,0,1,0,0,0,4,1,5,1,0,0,2,2,2,1,0,0,0,1,0
Henderson,H,35,81179,48213,0,0,0,0,0,0,0,0,0,0,0,0,0,0,0,0,0,0,0,0,0,0,1,0,0,0,0,0,0,3,2,2,2,0,0,0,1,1,0,1,0,0,2,4,3,0,0,2,0,0,0,1,0,3,0,0,4,1,1,2,0,5,0,5,1,0,1,0,0,0,1,0,2,1,3,0,0,0,1,1,0,0,0,0,2,4,2,0,3,0,0,3,0,3,0,6,0,0,2,3,5,4,3,0,0,5,2,5,7,0,1,0,11,9,6,16,0,9,0,28,19,10,5,26,0,0,63,16,6,25,14,0,0,50,14,22,24,10,0,0,18,8,16,28,7,0,0,27,5
Hidalgo,O,22,870366,48215,0,0,0,0,0,0,0,0,0,0,0,0,0,2,0,0,5,4,7,9,1,10,8,16,17,7,0,13,14,0,26,7,35,7,2,8,19,8,10,7,13,6,7,7,6,9,9,4,5,2,5,9,10,5,1,1,12,0,6,9,9,10,2,5,9,6,8,8,0,15,8,9,10,5,10,0,15,7,12,21,0,11,12,15,9,26,24,45,0,22,0,58,45,38,70,55,0,83,62,143,92,100,109,0,133,193,248,373,210,179,0,402,248,440,270,268,278,0,547,0,102,335,278,1274,393,313,0,157,396,651,1248,451,1320,524,339,650,813,564,0,0,606,329,287,271,360,0,347,398,498
Hill,H,32,35673,48217,0,0,0,0,0,0,0,0,0,0,0,0,0,0,0,0,0,0,0,0,1,0,1,1,0,2,0,0,0,1,0,2,0,0,0,0,0,1,1,0,0,0,1,1,2,1,0,0,0,0,1,0,0,0,1,0,1,0,0,1,0,0,0,2,0,1,0,0,0,0,1,0,0,1,0,0,0,0,0,0,0,0,0,0,0,0,1,1,1,2,0,1,0,3,1,2,0,0,2,3,5,1,1,0,1,1,0,1,7,0,1,7,0,4,4,1,1,0,6,0,35,13,9,4,2,0,9,23,5,12,0,8,2,6,5,17,10,22,0,0,32,4,1,5,2,0,0,3,2
Hockley,D,22,24636,48219,0,0,0,0,0,0,0,0,0,0,1,1,0,1,0,0,2,0,2,0,0,0,0,0,0,0,3,0,0,0,2,0,1,1,0,0,1,0,0,0,1,0,0,1,1,1,1,0,0,0,0,0,1,-1,0,0,0,0,-1,1,0,0,0,0,3,-1,1,0,0,0,1,3,0,0,0,0,0,0,0,0,0,0,0,0,0,0,0,0,0,0,0,0,0,1,0,0,0,0,0,1,0,0,0,0,1,0,3,0,3,0,0,0,2,12,6,4,8,0,0,18,10,0,3,9,0,0,1,2,5,5,7,0,1,2,12,2,6,9,0,0,7,4,6,4,0,0,0,8,2
Hood,G,26,58643,48221,0,0,0,0,0,0,0,0,0,0,0,0,0,0,0,0,0,2,0,0,1,3,0,0,2,1,0,0,1,0,1,1,1,0,0,2,0,0,0,0,0,0,0,0,0,1,0,0,0,1,1,0,0,2,0,0,-1,0,0,0,0,0,0,2,1,0,0,0,0,0,0,1,0,0,0,0,0,3,0,0,1,0,0,0,0,0,0,4,0,0,0,0,0,0,3,1,0,0,0,0,0,0,0,0,0,1,9,0,0,3,0,0,13,6,16,9,28,0,0,18,16,8,7,16,0,0,31,2,5,18,5,0,0,12,14,19,3,14,0,0,47,25,22,23,12,0,0,43,10
Hopkins,I,12,37040,48223,0,0,0,0,0,0,0,0,0,0,0,0,0,0,1,0,0,0,0,0,1,0,1,0,0,0,1,0,0,0,0,0,0,0,0,0,0,0,0,0,0,0,0,0,0,0,0,0,0,0,0,0,0,2,0,0,0,0,1,0,0,1,0,0,0,0,0,0,0,0,0,3,1,3,0,0,2,1,3,3,0,2,0,0,0,1,0,1,1,1,0,9,0,2,0,0,0,0,3,0,0,4,0,2,0,1,0,1,1,1,0,0,2,7,6,1,0,0,0,5,3,-1,3,-1,3,4,2,11,16,4,5,0,5,7,1,5,2,5,5,0,2,1,2,4,6,0,0,11,3
Houston,J,12,22620,48225,0,0,0,0,0,0,0,0,0,0,0,0,0,0,0,0,0,0,0,0,0,0,0,0,0,0,0,0,0,0,0,0,0,0,0,0,0,0,0,0,1,0,0,0,3,0,0,0,0,1,0,0,1,1,0,0,1,1,1,0,0,3,0,1,7,50,3,2,0,3,2,0,0,-42,1,0,0,0,0,9,3,1,61,0,0,13,18,6,0,0,0,1,1,0,1,1,1,0,-9,1,-1,0,1,0,0,5,4,0,2,1,0,0,0,2,3,0,6,0,0,1,2,1,0,1,9,2,1,4,3,6,2,6,8,0,7,5,5,2,0,0,-1,3,2,1,7,1,0,55,3
Howard,C,13,41236,48227,0,0,0,0,0,0,0,0,0,0,0,0,0,0,0,0,0,0,0,0,0,0,0,0,0,0,0,0,0,0,0,1,0,0,0,0,0,0,0,0,0,0,0,0,1,2,0,0,0,0,0,0,0,0,0,0,1,1,0,0,0,0,0,0,0,0,0,0,0,0,0,0,0,0,0,0,0,0,0,1,1,0,0,0,1,0,0,0,0,0,0,6,2,1,0,0,0,0,5,1,0,0,2,0,1,2,3,2,0,0,0,0,6,0,3,-1,1,0,0,12,5,4,0,3,0,0,4,5,4,5,5,0,0,8,6,9,3,10,0,0,4,2,17,1,7,0,0,4,1
Hudspeth,A,2,3400,48229,0,0,0,0,0,0,0,0,0,0,0,0,0,0,0,0,0,0,0,0,0,0,0,0,0,0,0,0,0,0,0,0,0,0,0,0,0,0,0,0,0,0,0,0,0,0,0,0,0,0,0,0,0,0,0,0,0,0,0,0,0,0,0,0,0,0,0,0,0,0,0,0,0,0,0,0,0,1,0,0,0,1,0,0,0,0,1,1,0,0,0,0,7,0,1,1,0,0,0,0,1,0,0,0,0,0,0,0,1,0,0,0,0,0,1,0,0,0,0,0,0,0,1,0,0,0,1,0,0,0,0,0,0,0,0,0,0,1,0,0,0,0,0,0,3,0,0,0,0
Hunt,H,13,95324,48231,0,0,0,0,0,0,0,0,0,0,0,0,0,0,1,0,0,0,0,0,2,1,0,0,4,0,-7,0,0,13,1,0,1,2,0,4,0,3,0,0,1,6,3,3,-1,0,1,1,2,3,0,0,3,1,1,0,3,2,0,2,1,0,0,1,0,0,8,0,0,0,2,1,2,0,4,0,0,1,0,0,3,3,6,0,1,2,5,10,8,7,0,0,11,15,15,23,0,0,0,32,6,4,19,12,0,0,61,11,34,0,28,0,0,60,28,25,28,0,0,83,0,21,29,31,23,0,0,48,14,17,24,27,0,0,48,10,14,15,11,0,37,25,0,12,27,10,0,46,0
Hutchinson,E,13,21461,48233,0,0,0,0,0,0,0,0,0,0,0,0,0,0,0,0,0,0,0,0,0,0,0,0,0,2,0,0,0,0,0,0,0,0,1,0,0,3,0,1,0,1,0,0,1,1,1,0,2,0,0,1,0,0,2,0,3,1,-1,0,1,1,0,1,3,0,0,0,0,3,2,2,-1,-3,1,1,0,0,0,4,3,-1,0,0,6,0,2,0,0,0,0,0,0,0,1,0,0,0,0,2,0,2,0,0,2,2,1,1,1,1,0,0,5,3,3,0,2,0,0,0,0,1,1,1,0,0,8,3,2,1,4,0,0,4,1,4,5,0,0,0,3,1,1,1,3,0,0,4,2
Irion,C,34,1508,48235,0,0,0,0,0,0,0,0,0,0,0,0,0,0,0,0,0,0,0,0,0,0,0,0,0,0,0,0,0,0,0,0,0,0,0,0,0,0,0,0,0,0,0,0,0,0,0,0,0,0,0,0,0,0,0,0,0,0,0,0,0,0,0,0,0,0,0,0,0,0,0,0,0,0,0,0,0,0,0,0,0,0,0,0,1,0,0,0,0,0,0,0,0,0,0,0,0,0,0,0,0,0,0,0,0,0,0,0,0,1,0,0,0,0,0,0,0,0,0,0,0,1,0,0,0,0,0,0,1,0,0,0,0,0,0,1,1,1,0,-1,1,0,1,0,1,0,0,0,0
Jack,F,23,8841,48237,0,0,0,0,0,0,0,0,0,0,0,0,0,0,0,0,0,0,0,0,0,0,0,0,0,0,0,0,0,0,1,0,0,0,0,1,1,0,0,0,0,0,1,0,0,0,0,0,0,0,0,0,0,0,0,0,0,0,0,0,0,0,0,0,0,0,0,0,0,0,0,0,0,0,0,0,0,0,0,0,0,0,0,0,0,0,0,0,0,0,0,0,0,0,0,0,0,0,0,0,0,0,0,0,0,2,1,0,0,0,0,0,2,2,0,0,1,0,0,0,0,0,0,0,0,0,1,0,0,1,0,0,0,5,4,0,0,1,0,0,2,0,2,11,1,0,0,3,4
Jackson,M,43,15899,48239,0,0,0,0,0,0,0,0,0,0,0,0,0,0,0,0,1,0,0,0,0,0,0,1,1,0,0,0,1,0,0,0,0,0,0,0,0,0,0,0,0,0,2,0,0,0,0,0,0,0,0,0,2,2,4,0,0,0,0,0,0,0,0,1,0,0,0,0,0,0,0,0,1,0,1,0,0,0,0,1,0,0,0,0,1,0,0,0,0,0,0,0,0,1,0,0,1,0,0,0,0,3,1,0,0,2,0,9,3,0,1,0,1,6,0,0,6,0,0,15,0,5,6,10,0,0,1,7,24,9,44,-27,0,3,9,12,23,8,0,0,49,21,47,0,1,0,0,24,36
Jasper,J,16,35525,48241,0,0,0,0,0,0,0,0,0,0,0,0,0,0,0,0,0,0,0,0,0,0,0,2,0,0,0,0,0,0,0,1,4,0,0,0,-1,0,0,0,0,1,3,0,0,0,0,2,0,0,0,4,0,2,0,0,0,0,0,1,0,0,0,0,0,0,4,0,0,0,3,0,0,1,1,0,0,0,0,0,0,1,0,0,0,0,0,0,1,0,0,1,1,0,0,0,0,0,0,1,0,0,2,1,0,3,2,2,0,0,8,0,0,1,0,8,0,1,0,8,0,1,0,0,1,0,9,8,3,0,1,0,1,2,0,2,13,144,11,3,0,13,5,0,5,0,0,10,1
Jeff Davis,A,5,2113,48243,0,0,0,0,0,0,0,0,0,0,0,0,0,0,0,0,0,0,0,0,0,0,0,0,0,0,0,0,0,0,0,0,0,0,0,0,0,0,0,0,0,0,0,0,0,0,0,0,0,0,0,0,0,0,0,0,0,0,0,0,0,0,0,0,0,0,0,0,0,0,0,0,0,0,0,0,0,0,0,0,0,0,0,0,0,0,0,0,0,0,0,0,0,0,0,0,0,0,0,0,0,0,0,0,0,0,0,0,1,0,0,0,3,0,0,0,0,0,0,0,0,1,0,0,0,0,0,1,0,0,0,0,0,1,0,0,0,1,0,0,0,0,0,0,0,0,0,0,0
Jefferson,K,25,258678,48245,0,0,0,0,0,0,0,0,0,0,0,0,0,0,0,3,4,1,4,4,2,0,9,4,9,-11,22,8,19,0,9,7,6,0,24,10,6,3,14,10,0,13,16,13,15,10,9,23,2,20,10,7,2,11,1,6,8,2,1,17,7,16,5,4,14,-3,33,7,0,0,15,7,7,11,2,14,6,5,3,12,6,9,11,6,12,19,4,19,15,8,0,20,537,3,35,11,2,7,37,40,21,16,32,5,0,54,39,34,19,82,10,7,149,88,72,293,487,0,0,232,135,141,203,94,16,0,117,203,163,117,107,5,0,233,129,75,75,108,15,169,156,101,48,62,60,15,0,103,112
Jim Hogg,O,12,5077,48247,0,0,0,0,0,0,0,0,0,0,0,0,0,0,0,0,0,0,0,0,0,0,0,0,0,0,0,0,0,0,0,0,0,0,0,0,0,0,0,0,0,0,0,0,1,0,0,0,0,2,0,0,0,0,0,0,0,0,0,0,0,0,0,0,0,0,0,1,0,0,0,0,0,0,0,0,0,0,0,0,0,0,0,0,0,0,0,0,0,0,0,0,0,0,0,0,0,0,0,0,2,0,2,1,0,0,0,1,2,1,0,1,1,0,1,0,3,1,2,2,1,2,5,0,1,1,0,7,1,0,0,0,0,1,1,0,0,2,2,0,1,0,1,2,1,0,0,1,0
Jim Wells,O,3,42890,48249,0,0,0,0,0,0,0,0,0,0,0,0,0,0,0,0,0,0,0,0,0,0,0,1,0,1,0,0,0,0,0,0,0,0,0,0,0,0,0,0,0,0,0,0,0,0,1,0,0,0,0,0,0,1,1,0,0,0,0,0,1,1,0,0,0,0,0,1,0,0,0,0,1,0,0,0,0,0,0,0,0,0,0,0,0,3,0,0,1,0,0,0,2,0,2,0,1,0,0,1,2,0,1,5,7,12,4,6,10,15,24,19,18,5,19,10,9,4,19,10,12,12,18,1,10,5,42,32,22,15,12,1,2,31,16,17,6,35,13,11,14,15,13,11,7,35,4,7,21
Johnson,H,31,171701,48251,0,0,0,0,0,0,0,0,0,2,0,0,0,0,1,0,0,3,2,0,0,0,4,5,1,3,0,0,3,1,0,2,1,0,0,3,3,3,0,2,0,2,3,3,3,4,3,0,1,4,5,2,0,13,0,1,4,8,2,2,1,0,3,4,3,7,2,4,0,0,13,6,2,4,0,0,0,7,3,7,6,4,0,0,1,0,2,11,1,0,0,19,5,6,9,3,0,0,0,12,5,5,0,0,0,13,47,0,0,58,0,0,64,12,30,48,27,0,0,0,184,45,-13,19,0,0,97,47,-14,32,23,0,0,84,28,48,46,55,0,0,120,49,29,67,42,0,0,78,111
Jones,G,1,19735,48253,0,0,0,0,0,0,0,0,0,0,0,0,0,0,0,0,0,0,0,0,0,0,0,0,0,0,0,0,0,1,0,1,0,0,0,0,0,1,0,0,0,0,0,0,1,3,6,0,0,0,24,0,0,25,0,16,0,6,0,3,5,0,3,1,5,9,0,2,0,0,3,2,17,1,0,0,0,-34,0,222,31,47,0,0,205,31,-1,1,0,0,0,-1,0,-3,-1,-1,0,0,-1,-15,-1,-4,40,0,0,-46,0,0,0,3,0,0,4,2,-3,0,0,0,0,-1,2,-4,-3,0,0,0,3,2,-1,31,2,0,0,18,-6,-1,-21,-10,0,0,0,0,0,3,-2,0,0,6,3
Karnes,N,16,15393,48255,0,0,0,0,0,0,0,0,0,0,0,0,0,0,0,0,1,0,0,1,0,0,0,0,0,0,0,0,0,0,0,0,0,0,0,1,0,0,0,0,0,0,0,0,0,0,0,0,0,0,0,0,0,0,0,0,0,0,0,0,0,0,0,0,1,0,0,-1,0,0,1,0,0,0,0,0,0,0,0,0,0,0,0,0,0,0,0,0,0,0,0,0,0,0,0,0,0,0,0,3,0,4,3,0,0,0,1,2,2,2,0,0,8,19,3,1,1,0,0,5,2,2,4,14,1,0,5,4,2,5,55,1,0,17,1,10,22,3,0,0,33,0,27,0,32,0,2,44,47
Kaufman,H,24,125134,48257,0,0,0,0,0,0,0,0,0,0,0,0,0,0,2,0,0,0,0,0,1,0,1,1,4,1,0,-1,5,2,3,5,2,0,2,4,1,0,5,4,0,2,4,3,7,4,9,0,3,1,8,3,0,1,0,3,6,5,5,5,5,0,4,7,6,4,6,4,0,0,8,10,8,9,0,0,0,16,1,4,14,6,0,0,4,3,10,20,9,0,0,6,33,8,9,5,0,0,9,4,6,11,0,0,0,14,116,0,0,28,0,0,68,41,49,48,34,0,0,70,46,53,25,19,0,0,90,48,29,70,14,0,0,57,38,46,23,54,0,0,123,54,64,57,78,0,0,84,107
Kendall,B,26,46278,48259,0,0,0,0,0,0,0,0,0,0,0,0,0,0,0,2,1,1,2,1,0,0,0,1,0,1,1,-1,0,0,0,1,0,1,0,1,2,0,0,0,0,0,0,0,1,0,1,0,0,0,0,0,0,0,0,0,1,0,1,0,1,0,0,1,0,0,0,1,0,0,2,1,0,0,0,0,0,0,4,0,0,1,0,0,1,1,0,1,1,0,0,0,2,0,0,0,1,0,0,0,0,8,0,0,0,3,9,2,0,3,0,0,5,1,1,2,20,0,-1,6,0,0,2,4,5,0,0,0,2,0,7,2,0,5,7,2,5,1,0,0,2,0,6,0,0,0,0,3,7
Kenedy,O,14,476,48261,0,0,0,0,0,0,0,0,0,0,0,0,0,0,0,0,0,0,0,0,0,0,0,0,0,0,0,0,0,0,0,0,0,0,0,0,0,0,0,0,0,0,0,0,0,0,0,0,0,0,0,0,0,0,0,0,0,0,0,0,0,0,0,0,0,0,0,0,0,0,0,0,0,0,0,0,0,0,0,0,0,0,0,0,0,0,0,0,0,0,0,0,0,0,0,0,0,0,0,0,0,0,0,0,0,0,0,0,0,0,0,0,0,0,0,1,0,0,0,0,0,0,0,0,2,0,0,0,0,0,0,0,0,0,0,0,0,1,0,0,0,1,0,0,1,0,0,0,0
Kent,D,35,795,48263,0,0,0,0,0,0,0,0,0,0,0,0,0,0,0,0,0,0,0,0,0,0,0,0,0,0,0,0,0,0,0,0,0,0,0,0,0,0,0,0,0,0,0,0,0,0,0,0,0,0,0,0,0,0,0,0,0,0,0,0,0,0,0,0,0,0,0,0,0,0,0,0,0,0,0,0,0,0,0,0,0,0,0,0,0,0,0,0,0,0,0,0,0,0,0,0,0,0,0,0,0,0,0,0,0,0,0,0,0,0,0,0,0,0,0,0,0,0,0,0,0,0,0,0,0,0,1,0,0,0,1,0,0,0,0,0,0,0,0,0,0,0,0,0,0,0,0,1,0
Kerr,B,24,52267,48265,0,0,0,0,0,0,0,0,0,0,0,0,0,0,0,0,0,0,0,0,0,0,1,0,1,0,0,0,0,0,0,0,0,0,0,0,1,1,0,0,0,0,0,0,1,0,0,1,-1,0,0,0,0,0,0,0,0,1,0,1,2,0,0,0,0,1,0,0,0,0,0,1,0,1,1,3,0,0,1,0,1,0,1,0,1,0,0,0,0,0,0,0,0,0,0,0,0,0,0,0,0,12,1,0,0,10,7,16,4,2,0,0,5,13,4,15,2,0,-1,5,0,14,5,9,47,0,0,3,31,1,17,13,0,19,5,16,23,6,0,0,12,0,12,0,0,0,0,24,12
Kimble,B,15,4344,48267,0,0,0,0,0,0,0,0,0,0,0,0,0,0,0,0,0,0,0,0,0,0,0,0,0,0,0,0,0,0,0,0,0,0,0,0,0,0,0,0,0,0,0,0,0,0,0,0,0,0,0,0,0,0,0,0,0,0,0,1,0,0,0,0,0,0,0,0,0,0,0,0,0,0,0,0,0,0,0,0,0,0,0,0,0,0,0,0,0,0,0,0,0,0,0,0,0,0,0,0,0,0,0,0,0,0,0,0,1,-1,0,3,1,0,0,1,0,0,0,4,-1,0,0,0,0,0,0,0,0,0,2,0,0,1,0,1,0,0,0,0,0,0,0,0,0,0,0,0,0
King,D,26,309,48269,0,0,0,0,0,0,0,0,0,0,0,0,0,0,0,0,0,0,0,0,0,0,0,0,0,0,0,0,0,0,0,0,0,0,0,0,0,0,0,0,0,0,0,0,0,0,0,0,0,0,0,0,0,0,0,0,0,0,0,0,0,0,0,0,0,0,0,0,0,0,0,0,0,0,0,0,0,0,0,0,0,0,0,0,0,0,0,0,0,0,0,0,0,0,0,0,0,0,0,0,0,0,0,0,0,0,0,0,0,0,0,0,0,0,0,0,0,0,0,0,0,0,0,0,0,0,0,0,0,0,0,0,0,0,0,0,0,0,0,0,0,0,0,0,0,0,0,0,0
Kinney,N,1,3462,48271,0,0,0,0,0,0,0,0,0,0,0,0,0,0,0,0,0,0,0,0,0,0,0,0,0,0,0,0,0,0,0,0,0,0,0,0,0,0,0,0,0,0,0,0,0,0,0,0,0,0,0,0,0,0,0,0,0,0,0,0,0,0,0,0,0,0,0,0,0,0,0,0,0,0,0,0,0,0,0,0,0,1,0,0,0,0,0,0,0,0,0,0,0,0,0,0,0,0,0,0,0,0,1,0,0,1,-1,0,0,0,0,0,0,0,0,0,0,0,0,0,0,1,0,0,0,0,0,0,1,0,0,0,0,2,5,3,0,0,0,0,0,2,1,0,0,0,0,0,1
Kleberg,O,6,30987,48273,0,0,0,0,0,0,0,0,0,0,0,0,0,0,0,0,0,0,0,1,0,0,0,0,0,1,0,0,0,0,0,0,0,0,0,0,1,0,2,0,1,0,0,1,0,0,1,0,1,0,-1,0,0,2,0,0,0,0,0,0,0,1,0,0,0,0,2,1,0,0,0,0,0,1,0,0,0,1,0,0,0,0,0,0,1,0,0,1,0,0,0,2,0,0,0,0,0,0,0,0,3,1,1,2,2,3,0,1,2,7,10,7,7,5,6,2,8,0,10,8,1,5,34,14,18,0,9,11,35,15,16,2,3,11,4,1,0,16,2,6,3,4,13,13,5,13,2,14,14
Knox,F,11,3937,48275,0,0,0,0,0,0,0,0,0,0,0,0,0,0,0,0,0,0,0,0,0,0,0,0,0,0,0,0,1,0,0,0,0,0,0,0,0,0,0,0,0,0,0,0,0,0,0,0,0,0,0,0,0,0,0,0,0,0,0,0,0,0,0,0,0,0,0,0,0,0,0,0,0,0,0,0,0,0,0,0,0,0,0,0,0,0,0,0,0,0,0,0,0,0,0,0,0,0,0,0,0,0,0,0,0,0,0,0,0,0,0,0,2,0,0,0,0,0,0,1,1,0,1,0,0,0,4,1,1,2,3,0,0,0,0,1,26,0,0,0,0,0,0,0,2,0,0,2,5
La Salle,N,23,8309,48283,0,0,0,0,0,0,0,0,0,0,0,0,0,0,0,0,0,0,0,0,0,0,0,0,0,0,0,0,0,0,0,0,0,0,0,0,0,1,0,0,0,0,0,0,0,0,0,0,0,0,0,0,0,0,0,0,0,0,0,0,1,0,0,0,1,1,0,0,0,0,0,0,0,0,0,0,0,0,0,0,0,0,0,0,0,0,0,0,0,0,0,0,0,0,0,0,0,0,0,1,0,2,0,0,0,0,1,0,0,2,0,0,3,1,5,2,0,0,0,3,17,10,17,8,0,0,11,0,4,2,218,0,0,24,4,8,4,0,0,0,-3,2,7,0,0,0,0,0,-1
Lamar,I,1,50014,48277,0,0,0,0,0,0,0,0,0,0,0,0,0,0,1,0,0,0,2,0,0,0,0,0,0,2,0,1,0,0,2,0,0,0,0,0,-1,0,0,0,0,0,0,1,-1,1,0,0,0,43,0,0,10,6,0,0,2,2,5,1,0,12,0,7,8,1,6,0,5,0,0,6,4,0,2,5,1,0,0,2,2,0,7,0,0,6,1,2,1,-1,0,2,2,2,3,0,2,0,9,6,0,19,0,6,0,22,3,8,6,0,21,0,18,13,0,20,0,9,7,0,15,7,23,15,5,13,8,0,0,37,0,10,5,13,0,40,7,7,0,0,33,22,13,0,15,5,0,15,2
Lamb,D,12,12776,48279,0,0,0,0,0,0,0,0,0,0,0,0,0,0,0,0,0,0,1,0,0,0,0,0,0,0,0,0,0,0,0,0,0,0,0,1,0,0,0,0,0,0,0,0,0,0,0,0,1,0,0,0,0,1,0,0,0,0,1,0,0,2,0,1,0,2,0,1,0,0,0,0,0,2,2,0,0,0,1,0,0,0,0,0,0,0,0,0,1,0,0,0,1,0,-1,1,0,0,2,5,3,1,0,0,2,1,0,1,0,3,0,0,1,4,3,6,0,0,0,3,18,0,2,2,0,0,14,3,10,8,8,0,1,12,15,11,8,10,0,0,13,6,2,6,1,0,0,4,6
Lampasas,L,11,21037,48281,0,0,0,0,0,0,0,0,0,0,0,0,0,0,0,0,0,0,0,0,0,0,0,0,1,0,0,1,0,0,0,1,-1,0,0,0,1,-1,0,0,0,0,0,0,0,0,0,0,0,1,0,0,0,1,0,0,1,0,1,0,2,0,0,0,0,0,0,0,0,0,0,0,0,0,0,0,0,0,0,0,0,1,0,0,0,0,0,0,0,0,0,0,0,0,0,0,0,0,2,2,0,2,1,1,1,1,0,0,0,0,0,1,0,0,0,0,0,0,0,0,10,2,5,2,0,0,1,4,0,1,0,2,1,2,4,11,3,0,3,5,4,2,1,0,1,0,0,-1,3
Lavaca,M,32,20735,48285,0,0,0,0,0,1,0,0,0,0,0,0,0,0,0,0,0,0,0,0,0,0,0,0,0,1,0,0,0,1,1,0,0,0,0,0,0,0,0,0,0,0,0,0,1,0,0,0,0,0,0,1,0,0,0,0,0,0,0,0,0,0,0,0,1,0,0,1,0,0,0,0,0,0,0,1,0,0,2,0,0,1,0,0,1,1,3,1,1,0,0,0,1,1,0,1,0,0,0,0,0,21,25,17,0,1,13,9,9,5,1,0,8,3,16,25,9,0,0,13,1,14,16,10,99,0,3,11,12,4,97,0,0,31,15,15,13,7,0,0,24,13,11,0,0,0,0,20,12
Lee,L,41,17595,48287,0,0,0,0,0,0,0,0,0,0,0,0,0,0,0,0,0,0,0,0,0,0,0,1,1,0,0,0,0,0,0,0,0,0,0,0,0,0,0,0,0,0,0,0,0,0,0,0,0,0,0,0,0,0,0,0,0,0,0,2,1,0,0,1,0,0,0,0,0,0,1,-1,2,0,0,1,1,0,1,10,0,4,-1,0,0,1,0,0,0,1,0,0,3,3,3,0,0,0,1,3,9,-1,1,1,4,0,0,1,1,1,0,2,1,1,2,1,9,0,13,0,3,4,-3,3,6,0,0,5,5,9,0,2,-1,3,4,3,6,9,0,0,1,2,2,3,1,1,0,1,9
Leon,J,2,17707,48289,0,0,0,0,0,0,0,0,0,0,0,0,0,0,0,0,0,0,0,0,1,0,1,0,0,0,0,0,0,0,0,1,0,0,0,0,1,0,1,0,0,0,0,0,0,0,0,0,0,0,0,0,1,0,0,0,1,0,0,2,0,0,0,0,0,0,0,0,0,0,0,0,0,0,0,0,0,0,0,1,0,0,0,0,0,0,0,1,0,0,0,0,0,0,0,0,0,0,1,1,0,0,1,1,1,3,0,0,1,0,0,7,0,4,0,2,4,0,6,0,35,4,5,9,1,1,0,6,3,9,0,2,1,1,5,2,-1,2,0,0,2,5,2,0,1,0,0,0,0
Liberty,K,15,85284,48291,0,0,0,0,0,0,0,0,0,0,0,0,0,0,0,1,0,1,0,0,0,0,1,1,1,1,0,0,6,3,0,1,1,2,0,1,3,2,0,4,3,0,1,4,-1,1,1,0,0,1,2,1,1,2,0,0,1,1,1,1,13,2,2,4,2,0,0,3,0,0,0,4,2,0,-1,0,0,0,0,1,9,2,3,0,0,2,0,4,0,2,0,5,2,5,6,0,1,5,10,19,7,6,8,5,4,10,11,5,24,26,13,12,27,17,30,15,14,0,20,18,17,19,18,26,14,10,18,27,19,10,21,12,11,19,13,18,12,21,8,56,11,5,2,13,14,7,2,4,14
Limestone,L,24,23544,48293,0,0,0,0,0,0,0,0,0,0,0,0,0,0,1,0,0,0,0,0,1,0,0,1,0,0,0,0,3,0,1,2,2,0,0,0,0,0,0,0,0,0,0,0,0,0,0,0,1,1,-1,0,0,1,0,0,0,0,0,0,1,1,0,0,0,0,0,0,0,0,2,0,1,1,3,1,0,0,0,0,1,0,0,0,2,1,3,0,2,0,0,2,0,2,0,2,1,0,1,1,-1,0,1,0,1,0,0,0,1,2,0,2,2,3,4,4,1,0,1,0,12,12,7,9,0,1,4,3,0,4,0,5,-1,3,8,10,1,4,0,-1,17,3,6,30,0,0,0,2,0
Lipscomb,E,5,3651,48295,0,0,0,0,0,0,0,0,0,0,0,0,0,0,0,0,0,0,0,0,0,0,0,0,0,0,0,0,0,0,0,0,0,0,0,0,0,0,0,0,0,0,0,0,0,0,0,0,0,1,1,0,0,0,0,0,0,0,0,0,0,0,0,0,0,0,0,0,0,0,0,0,0,0,0,0,0,0,0,0,0,0,0,0,0,1,1,1,0,0,0,2,0,0,0,0,0,0,2,0,0,0,0,0,0,0,0,0,0,0,0,0,0,2,0,0,0,0,0,0,0,0,0,0,0,0,1,0,0,0,0,0,0,0,0,0,2,1,0,0,0,0,0,0,0,0,0,0,1
Live Oak,N,25,12030,48297,0,0,0,0,0,0,0,0,0,0,0,0,0,0,0,0,0,0,0,0,0,0,1,1,1,0,0,0,0,0,0,0,0,0,0,0,0,0,0,0,0,0,0,2,0,0,0,0,0,0,0,0,0,0,0,0,0,0,0,0,0,0,0,0,0,0,1,0,0,1,0,0,2,0,0,0,0,0,0,0,0,0,0,0,0,0,0,0,0,0,0,0,0,0,0,0,0,0,0,0,0,0,0,0,6,0,0,0,6,0,0,0,10,0,0,0,0,6,5,8,12,1,2,0,4,0,0,16,0,6,10,0,0,5,0,0,3,6,0,0,0,11,81,0,0,0,0,0,15
Llano,B,17,19452,48299,0,0,0,0,0,0,0,0,0,0,0,0,0,0,0,1,1,0,0,0,1,0,0,0,0,0,0,-1,1,0,0,0,0,0,0,0,0,0,0,0,0,0,0,0,0,0,0,0,0,0,0,0,0,0,0,0,0,0,0,0,0,0,0,0,0,0,0,0,0,0,0,0,0,0,0,0,0,0,0,0,0,0,0,0,0,0,0,0,0,0,0,0,0,1,0,0,0,0,1,0,0,0,0,0,3,0,0,-1,0,1,0,1,1,1,-1,1,0,0,0,0,13,3,2,5,12,1,1,5,0,4,0,3,0,2,7,2,1,9,0,0,3,1,0,1,0,0,0,0,0
Loving,A,11,92,48301,0,0,0,0,0,0,0,0,0,0,0,0,0,0,0,0,0,0,0,0,0,0,0,0,0,0,0,0,0,0,0,0,0,0,0,0,0,0,0,0,0,0,0,0,0,0,0,0,0,0,0,0,0,0,0,0,0,0,0,0,0,0,0,0,0,0,0,0,0,0,0,0,0,0,0,0,0,0,0,0,0,0,0,0,0,0,0,0,0,0,0,0,0,0,0,0,0,0,0,0,0,0,0,0,0,0,0,0,0,0,0,0,0,0,0,0,0,0,0,0,0,0,0,0,0,0,0,0,0,0,0,0,0,0,0,0,0,0,0,0,0,0,0,0,0,0,0,0,0
Lubbock,D,23,317210,48303,0,0,0,0,0,0,0,0,0,0,1,1,0,0,9,1,7,4,8,10,10,26,23,8,9,21,13,3,26,11,23,20,15,21,37,10,13,37,34,6,12,11,15,13,12,11,13,3,2,5,3,9,19,8,6,4,7,7,8,7,1,6,3,6,7,2,7,2,3,0,5,6,9,11,6,6,2,3,7,3,3,8,3,1,12,2,1,13,14,7,6,9,3,16,15,23,34,10,37,61,76,105,72,80,32,87,140,118,130,121,68,57,54,178,184,163,0,0,0,298,133,180,145,148,144,80,75,0,240,146,100,136,37,74,100,113,111,82,52,86,50,104,74,105,79,42,39,59,99
Lynn,D,33,5588,48305,0,0,0,0,0,0,0,0,0,0,0,0,0,0,0,0,0,0,1,0,1,0,0,1,0,0,0,0,0,0,0,2,0,0,0,0,0,0,0,0,0,0,0,0,0,0,0,0,0,0,0,0,0,0,0,0,0,0,0,0,0,0,0,0,0,0,0,0,0,0,0,0,0,0,0,0,0,0,1,0,1,0,0,0,0,0,1,0,0,0,0,0,2,4,0,5,0,0,2,0,0,0,0,0,0,2,0,3,2,0,0,0,5,0,5,0,1,0,0,1,5,4,0,4,0,0,0,2,0,0,0,0,0,0,2,0,2,0,0,0,3,0,1,0,2,0,0,1,0
Madison,J,3,14527,48313,0,0,0,0,0,0,0,0,0,0,0,0,0,0,0,0,0,0,0,0,0,0,0,0,0,0,0,0,0,0,0,0,0,0,0,0,1,0,0,1,0,0,0,0,0,0,0,0,0,0,0,-1,0,0,0,0,0,0,1,1,0,0,0,-1,0,2,2,2,0,0,0,0,0,0,0,0,0,0,0,0,0,0,0,0,0,1,0,0,1,0,0,6,1,2,0,1,0,0,2,1,1,1,1,2,1,-1,-1,-1,1,1,2,-1,1,3,3,2,7,0,0,0,30,21,1,10,9,14,7,21,5,12,0,8,1,4,20,21,5,6,1,368,22,2,4,8,0,0,0,0,0
Marion,I,23,10294,48315,0,0,0,0,0,0,0,0,0,0,0,0,0,0,0,0,0,0,0,0,0,0,0,0,0,0,0,0,0,0,0,0,0,0,0,0,0,3,0,0,0,0,3,0,0,0,0,1,2,0,0,4,1,0,1,0,0,0,0,1,0,-1,0,0,0,0,0,0,0,0,0,0,0,0,0,0,0,0,1,0,0,0,0,0,0,1,0,0,0,0,0,1,0,0,1,0,0,2,0,0,0,0,0,0,0,0,2,0,2,1,0,0,0,2,0,0,0,1,0,5,3,0,0,0,3,18,6,0,3,1,3,0,37,3,0,2,1,2,1,0,2,3,0,1,0,1,3,0,1
Martin,C,12,6044,48317,0,0,0,0,0,0,0,0,0,0,0,0,0,0,0,0,1,0,0,0,0,0,0,0,0,0,0,1,0,0,0,0,0,0,0,0,0,0,0,0,0,0,0,0,0,0,0,0,0,0,0,0,0,0,0,0,1,0,0,0,0,0,0,0,0,0,0,0,0,0,0,0,0,0,0,0,0,0,0,0,0,0,0,0,0,0,0,0,0,0,0,0,0,0,0,0,0,1,0,0,0,1,1,0,1,0,1,1,0,2,0,3,2,1,0,0,1,0,0,1,2,1,2,1,0,0,1,2,0,3,1,0,0,2,1,3,3,1,0,0,2,0,0,1,0,0,0,1,2
Mason,B,16,3899,48319,0,0,0,0,0,0,0,0,0,0,0,0,0,0,0,0,0,0,0,0,0,0,0,0,0,1,0,0,0,0,0,0,0,0,0,0,0,0,0,0,0,0,0,0,0,0,0,0,4,0,10,0,6,3,0,0,2,1,1,0,0,0,0,0,0,0,0,3,0,0,0,0,0,0,0,0,0,0,0,0,0,1,0,0,0,0,0,0,0,0,0,0,0,1,0,0,0,0,0,0,0,0,0,0,0,0,0,0,0,0,0,0,0,1,0,0,0,0,0,1,0,0,0,0,0,0,1,0,2,0,0,0,0,0,0,0,0,0,0,0,0,1,0,0,1,0,0,2,3
Matagorda,M,45,37064,48321,0,0,0,0,0,1,0,0,0,2,0,0,0,0,0,3,3,0,1,2,1,0,12,4,3,1,0,4,0,1,0,0,5,3,1,2,1,0,0,1,0,0,5,-1,2,1,1,-1,0,2,0,0,0,2,-1,0,1,0,0,0,0,0,0,0,0,0,1,0,0,0,0,0,0,0,0,0,0,0,2,1,1,0,0,0,0,1,1,0,1,0,0,2,1,0,4,1,2,1,4,9,2,8,1,4,1,7,14,0,5,13,3,6,14,41,27,21,2,-1,4,8,12,9,42,11,10,14,10,10,7,23,30,9,14,12,26,10,9,34,6,16,22,31,3,10,19,7,1,7,4
Maverick,N,11,59938,48323,0,0,0,0,0,0,0,0,0,0,0,0,0,0,0,1,0,0,0,0,0,0,0,2,1,0,0,1,0,2,0,1,1,0,0,1,0,0,2,0,0,0,3,0,-1,0,2,0,0,0,0,0,8,0,0,0,2,0,0,0,0,0,0,15,0,11,5,0,17,0,15,4,1,0,3,0,0,0,0,0,12,7,0,0,4,0,9,0,4,0,0,0,9,7,0,11,0,0,0,39,1,6,8,0,0,0,36,32,8,21,0,0,0,123,0,21,64,0,0,31,0,127,43,56,0,0,0,98,18,47,122,108,0,0,114,0,107,0,0,0,0,0,340,72,50,0,0,0,0
McCulloch,B,2,8660,48307,0,0,0,0,0,0,0,0,0,0,0,0,0,0,0,0,0,0,0,0,0,0,0,0,0,0,0,0,0,0,1,1,1,0,0,0,0,0,0,0,0,0,0,0,0,0,0,0,0,0,0,0,0,0,0,0,0,0,0,0,0,0,0,0,0,0,0,0,0,0,0,0,0,0,0,0,0,0,0,0,0,0,0,0,0,0,0,0,0,0,0,0,0,0,0,0,0,0,1,0,0,0,1,0,0,1,1,0,1,3,0,0,1,1,4,0,3,0,0,1,1,1,0,0,0,0,2,0,4,1,0,0,0,0,1,2,1,1,0,-1,0,0,1,3,3,0,0,2,2
McLennan,L,13,253066,48309,0,0,0,0,0,0,0,0,0,6,1,0,0,0,13,3,5,5,1,2,0,3,5,4,1,1,1,2,3,6,0,4,2,1,2,1,2,0,2,0,0,0,1,1,3,0,0,0,1,5,0,1,1,2,0,0,0,1,0,2,0,0,0,0,2,0,0,1,0,1,0,0,4,4,1,0,0,0,5,1,4,1,0,0,2,1,2,2,2,2,0,3,6,3,9,3,5,5,15,18,26,23,17,41,51,17,50,52,79,72,73,47,51,162,111,224,271,73,48,114,246,239,155,4,95,20,187,176,85,91,114,81,122,59,103,113,94,103,72,29,56,66,84,71,63,79,31,135,123
McMullen,N,24,783,48311,0,0,0,0,0,0,0,0,0,0,0,0,0,0,0,0,0,0,0,0,0,0,0,0,0,0,0,0,0,0,0,0,0,0,0,0,0,0,0,0,0,0,0,0,0,0,0,0,0,0,0,0,0,0,0,0,0,0,0,0,0,0,0,0,0,0,0,0,0,0,0,0,0,0,0,0,0,0,0,0,0,0,0,0,0,0,0,0,0,0,0,0,0,0,0,0,0,0,0,0,0,0,0,0,0,0,0,0,0,0,0,0,0,0,0,0,0,0,0,0,0,0,0,0,0,0,1,0,0,0,0,3,0,0,0,2,0,0,1,0,0,0,0,0,1,0,0,0,0
Medina,N,3,50594,48325,0,0,0,0,0,0,0,1,0,0,0,0,0,0,0,0,0,2,0,0,0,0,0,0,0,0,1,0,2,1,2,1,2,1,0,0,0,2,0,0,0,0,0,2,0,0,2,0,0,0,0,1,0,0,0,0,0,0,1,1,0,9,1,6,7,2,1,1,1,8,1,1,4,0,2,1,0,0,1,1,2,0,2,0,0,1,2,2,138,0,0,0,0,2,2,1,0,0,0,6,1,16,1,5,0,1,4,0,1,-2,0,0,1,23,4,11,2,0,0,32,8,3,0,5,0,0,17,59,0,0,73,0,0,32,2,1,11,8,0,0,16,9,11,6,6,0,1,20,0
Menard,B,14,2188,48327,0,0,0,0,0,0,0,0,0,0,0,0,0,0,0,0,0,0,0,0,0,0,0,0,0,0,0,0,0,0,0,0,0,0,0,0,0,0,0,0,0,0,0,0,0,0,0,0,0,0,0,0,0,0,0,0,0,0,0,0,0,0,0,0,0,0,0,0,0,0,0,0,0,0,0,0,0,0,0,0,0,0,0,0,0,0,0,0,0,0,0,0,0,0,0,0,0,0,0,0,0,0,0,0,1,1,1,0,0,0,0,0,3,0,0,2,0,0,0,4,0,0,2,0,0,0,0,0,1,0,0,0,0,0,1,0,0,0,0,0,0,0,0,0,0,0,0,1,0
Midland,C,22,187364,48329,0,0,0,0,0,0,0,0,0,0,0,1,0,0,0,2,1,2,2,3,2,0,3,0,3,3,2,0,3,3,0,1,0,1,0,0,3,2,4,1,0,1,21,1,2,2,1,1,2,1,1,1,3,3,0,7,1,1,3,6,1,0,0,6,5,3,1,4,0,0,2,0,1,0,1,0,0,0,1,1,2,1,0,0,3,5,4,5,9,0,0,14,8,3,14,7,0,0,21,0,42,23,35,0,0,95,37,40,0,69,0,0,88,50,33,38,0,0,0,155,49,44,50,34,0,0,90,72,32,41,48,0,0,-188,50,0,81,34,0,0,0,0,112,0,703,0,0,183,61
Milam,L,32,24635,48331,0,0,0,0,0,0,0,0,0,0,0,0,0,0,0,2,0,0,0,0,0,0,0,0,0,0,1,0,0,4,0,0,0,0,1,0,0,0,1,0,2,1,0,0,1,0,0,0,0,1,0,2,0,0,1,1,0,0,0,0,2,0,0,0,0,2,1,0,1,0,1,1,1,0,1,0,0,0,0,0,0,0,0,0,1,0,0,3,3,0,0,0,2,1,2,2,2,0,0,4,3,5,1,0,0,6,5,5,5,2,0,0,3,5,2,2,0,0,0,20,8,13,4,12,0,0,0,38,4,12,14,0,0,23,17,3,2,11,0,0,13,7,4,5,4,0,0,21,0
Mills,L,1,4870,48333,0,0,0,0,0,0,0,0,0,0,0,0,0,0,0,0,0,0,0,0,0,0,0,0,0,0,0,0,0,0,0,0,0,0,0,0,0,0,0,0,0,0,0,0,0,0,0,0,0,0,0,0,0,0,0,0,0,0,0,0,0,0,0,1,-1,0,0,0,0,0,1,0,0,0,0,0,0,0,0,0,0,0,0,0,0,0,0,0,0,0,0,0,0,0,0,0,0,0,0,0,0,0,0,0,0,0,0,0,0,0,0,0,0,0,0,0,0,0,0,0,2,3,0,1,0,0,0,0,0,0,0,0,1,0,2,1,1,1,0,1,0,0,0,1,0,0,0,1,0
Mitchell,C,14,9865,48335,0,0,0,0,0,0,0,0,0,0,0,0,0,0,0,0,0,0,0,0,0,0,0,0,0,0,0,0,1,0,0,0,0,0,0,0,0,0,0,0,0,0,0,0,0,0,0,0,0,0,0,0,0,0,0,0,0,0,0,0,0,0,0,0,0,0,0,0,0,0,0,0,0,0,0,0,0,0,0,0,0,0,0,0,0,0,0,0,0,0,0,0,0,1,0,0,0,0,0,0,0,0,0,0,0,1,0,1,0,0,0,0,1,4,0,1,0,2,0,0,6,3,2,2,0,0,1,1,0,0,0,4,0,0,3,0,4,3,0,0,1,0,5,2,3,0,0,4,2
Montague,F,15,19199,48337,0,0,0,0,0,0,0,0,0,0,0,0,0,0,0,0,0,1,0,0,0,0,0,0,0,0,0,0,0,0,0,0,1,0,0,3,0,0,0,0,0,0,1,0,0,0,0,0,0,0,0,0,0,0,0,1,1,1,0,0,0,0,0,0,0,0,0,0,0,0,0,0,0,0,0,0,0,0,0,0,0,0,0,0,0,0,0,0,0,0,0,0,0,0,0,0,0,0,0,0,0,3,0,0,0,2,3,0,0,0,0,0,1,0,0,3,0,0,0,0,3,1,1,0,0,0,1,5,0,1,2,0,0,2,0,2,4,2,0,0,1,1,2,5,3,0,0,3,1
Montgomery,K,3,613951,48339,0,0,0,1,0,2,0,0,0,0,1,0,0,0,15,4,8,10,6,17,2,15,12,17,0,20,12,7,12,36,13,21,14,6,0,15,42,23,19,20,7,0,16,24,23,27,29,10,0,24,32,20,20,27,5,0,6,22,10,17,10,0,0,25,18,16,15,25,0,0,19,31,13,20,7,0,0,0,25,13,14,14,0,0,12,44,23,20,11,0,0,26,32,40,35,61,0,0,42,59,69,56,71,0,0,92,90,94,58,63,0,0,76,105,124,96,0,0,0,197,104,130,92,131,0,0,105,359,853,177,220,0,0,346,102,125,150,153,0,0,183,72,138,87,119,0,0,95,106
Moore,E,12,21575,48341,0,0,0,0,0,0,0,0,0,0,0,0,0,0,0,0,0,0,0,0,1,0,0,5,0,0,0,0,1,2,6,6,0,1,0,14,16,7,16,24,7,15,18,23,10,14,6,60,20,22,1,32,23,13,36,0,35,14,6,33,7,33,-1,9,-14,13,6,4,8,15,8,4,0,-71,3,1,1,1,4,47,37,2,82,3,149,2,4,7,1,0,0,12,0,2,5,2,0,0,-1,0,4,1,0,0,2,2,0,5,2,0,0,0,1,4,3,1,0,0,0,5,7,3,3,1,0,0,5,0,3,3,13,0,2,9,10,6,1,10,0,0,8,14,8,0,5,0,0,10,12
Morris,I,16,12448,48343,0,0,0,0,0,0,0,0,0,0,0,0,0,0,1,0,0,0,0,0,0,0,0,0,0,0,0,0,0,0,1,1,0,0,0,0,0,0,1,0,1,0,0,0,0,0,0,0,0,0,0,0,0,3,1,0,0,0,0,0,0,0,0,0,0,1,0,1,0,0,2,1,1,2,0,0,0,4,1,5,1,-2,0,0,0,-1,2,0,0,0,0,0,0,1,0,2,1,0,0,0,0,0,2,1,0,1,2,0,0,0,0,1,0,1,1,1,1,0,1,6,0,1,1,-3,2,1,3,0,1,6,2,0,1,1,3,2,0,7,2,0,2,3,1,6,5,1,0,0,1
Motley,D,15,1172,48345,0,0,0,0,0,0,0,0,0,0,0,0,0,0,0,0,0,0,0,0,0,0,0,0,0,0,0,0,0,0,0,0,0,0,1,0,0,0,0,0,0,0,0,0,0,0,0,0,0,0,0,0,0,0,0,0,0,0,0,0,0,0,0,0,0,0,0,0,0,0,0,0,0,0,0,0,0,0,0,0,0,0,0,0,0,0,0,0,0,0,0,0,0,0,0,0,0,0,0,0,0,0,0,0,0,0,0,0,0,0,0,0,0,0,0,0,0,0,0,0,1,0,0,0,0,0,0,0,0,0,0,0,0,0,0,1,0,1,0,0,0,0,0,0,0,0,0,0,0
Nacogdoches,J,32,64106,48347,0,0,0,0,0,0,0,0,0,0,0,0,0,0,0,0,1,0,0,1,0,0,2,1,7,3,1,2,3,4,0,4,1,17,1,8,8,5,6,13,1,2,5,2,12,5,0,10,0,16,0,16,3,12,0,2,13,2,13,0,0,4,5,10,3,3,2,4,5,1,2,2,1,11,0,2,0,0,4,10,-1,17,0,1,2,4,4,3,0,3,0,1,10,2,0,7,0,0,2,3,8,4,2,2,1,3,4,7,10,9,2,0,16,10,9,9,10,8,1,17,18,37,9,29,32,7,18,22,6,8,16,2,4,74,50,17,25,31,9,7,45,9,21,53,13,12,0,19,13
Navarro,H,34,47985,48349,0,0,0,0,0,0,0,0,0,0,0,0,0,0,0,0,0,1,0,0,2,0,1,0,1,0,-1,0,0,0,6,1,1,0,0,4,0,2,2,0,0,0,3,1,1,1,2,0,0,0,2,0,1,0,0,0,0,2,1,2,0,0,0,0,1,0,1,0,0,0,0,2,0,2,2,0,0,1,4,0,1,5,1,0,1,1,3,3,2,0,0,4,0,4,10,3,0,0,11,0,3,15,4,0,0,28,8,14,7,8,0,0,45,11,6,15,21,0,0,87,26,25,12,0,13,0,24,16,26,24,26,0,0,34,30,11,18,17,0,0,19,43,17,12,4,0,0,27,16
Newton,J,17,13724,48351,0,0,0,0,0,0,0,0,0,0,0,0,0,0,0,0,0,0,0,0,0,0,1,0,0,0,0,0,0,0,0,0,1,0,0,0,0,0,0,0,0,0,0,0,0,0,0,0,0,0,0,0,0,0,0,0,0,2,0,0,0,0,0,0,0,0,0,0,0,0,0,0,0,0,0,0,0,0,0,0,0,1,0,0,0,0,0,0,1,0,0,0,0,0,0,0,0,0,0,0,0,0,0,2,3,0,1,0,0,0,0,0,0,0,0,0,0,0,0,0,0,0,0,0,0,0,9,5,1,0,1,1,0,1,0,2,5,40,1,0,0,5,0,0,3,0,0,3,3
Nolan,C,15,15642,48353,0,0,0,0,0,0,0,0,0,0,0,0,0,0,0,0,0,0,0,0,0,0,0,0,0,0,0,0,0,0,0,0,0,0,0,0,0,0,0,0,0,0,0,0,0,1,0,0,0,0,0,0,0,1,0,0,0,0,0,0,0,0,0,0,0,0,0,0,0,0,0,0,0,0,0,0,0,0,0,0,0,2,0,0,-2,1,5,0,1,0,0,0,-6,0,0,1,0,0,1,0,3,0,2,0,3,0,3,2,2,4,9,0,0,3,6,0,0,3,1,0,3,6,5,10,-3,0,3,1,5,0,10,4,0,0,20,0,12,0,0,0,3,2,0,2,2,0,0,0,1
Nueces,O,5,383718,48355,0,0,0,0,0,0,0,0,0,0,0,0,1,0,0,9,4,4,2,1,1,9,3,6,1,6,3,3,6,6,4,3,0,4,0,3,4,0,4,2,1,0,0,0,0,1,1,2,0,5,0,0,3,4,1,0,6,1,3,6,5,1,3,15,27,12,23,22,2,1,8,6,8,4,0,2,0,1,3,2,0,0,6,1,0,5,5,1,3,0,0,11,3,7,11,15,0,0,24,31,29,65,63,49,36,109,71,215,259,212,228,188,205,274,362,262,254,321,203,288,388,445,343,412,293,209,253,605,500,329,310,236,172,237,289,502,354,-1967,133,51,164,217,233,195,869,118,93,181,162
Ochiltree,E,4,11309,48357,0,0,0,0,0,0,0,0,0,0,0,0,0,0,0,0,0,0,0,0,0,0,0,0,0,0,0,0,0,0,0,0,0,0,0,0,0,0,0,0,0,0,0,0,0,1,4,0,0,19,1,0,-6,0,0,0,6,1,2,1,0,0,0,0,11,0,0,-1,1,1,-1,1,0,1,0,1,0,0,0,5,1,0,0,0,0,1,1,0,0,0,0,1,0,0,1,0,0,0,0,0,0,0,0,0,0,0,0,0,0,0,0,0,0,0,0,0,0,0,0,7,0,0,0,3,0,0,-1,0,0,0,0,0,0,0,1,0,5,7,0,0,1,2,0,4,2,0,0,2,3
Oldham,E,21,2200,48359,0,0,0,0,0,0,0,0,0,0,0,1,0,0,0,0,0,0,0,1,0,0,0,0,0,0,0,0,1,0,0,0,0,0,0,0,0,0,0,0,0,0,0,0,0,0,0,0,0,0,0,0,0,0,0,0,0,0,0,0,0,0,0,0,0,0,1,0,-1,0,0,0,0,0,0,0,0,0,0,0,0,0,0,0,1,0,0,0,0,0,0,0,0,0,0,0,0,0,0,0,0,0,0,0,0,0,0,0,0,0,0,0,0,0,0,0,0,0,0,1,-1,0,0,0,0,0,0,0,2,0,1,0,2,3,0,0,0,0,0,0,1,0,0,0,0,0,0,1,0
Orange,K,26,86155,48361,0,0,0,0,0,0,0,0,0,0,0,0,0,0,0,1,0,0,0,0,4,0,2,0,0,5,10,0,4,3,1,0,3,11,0,1,1,1,1,0,1,0,9,1,0,4,1,0,0,0,6,0,1,0,0,0,6,2,2,0,4,0,0,0,-1,0,3,0,0,0,0,2,0,5,2,0,0,0,0,0,2,0,0,0,0,0,3,0,-1,0,0,0,2,0,3,1,0,0,1,11,8,9,8,0,0,12,9,2,25,7,0,0,14,60,1,30,0,0,0,24,88,28,50,5,0,0,0,0,0,222,0,0,0,46,18,29,13,1,0,0,51,67,54,0,22,0,0,229,119
Palo Pinto,G,4,27859,48363,0,0,0,0,0,0,0,0,0,0,0,0,0,0,0,0,0,0,0,0,0,0,0,1,0,0,0,0,1,1,1,0,0,0,0,1,0,1,0,0,0,1,0,0,0,0,0,0,0,0,0,0,0,1,0,0,0,1,0,0,0,0,0,0,0,0,0,0,0,0,0,1,0,0,0,0,0,1,0,0,2,0,0,0,0,0,0,0,0,0,0,0,0,1,0,0,0,0,0,0,0,0,0,0,0,0,3,0,0,0,0,0,2,2,4,9,4,0,0,9,5,3,0,6,0,0,15,3,2,2,1,0,0,11,13,11,12,11,0,0,15,1,8,26,2,0,0,30,12
Panola,J,41,24576,48365,0,0,0,0,0,0,0,0,0,0,0,0,0,0,0,0,0,0,0,0,0,0,0,3,1,0,0,0,0,0,3,3,0,0,3,7,2,10,3,2,0,1,4,7,12,9,0,6,2,2,0,27,21,5,0,2,0,1,3,-1,0,4,2,5,0,6,3,1,3,0,0,2,0,1,1,5,1,0,1,1,1,3,1,1,0,1,32,0,0,1,0,0,0,0,2,0,3,2,-34,1,3,0,2,0,1,1,1,4,0,5,0,4,0,0,3,1,1,2,1,1,0,3,2,5,1,2,3,0,2,2,0,3,7,2,2,1,2,0,2,1,2,1,6,2,0,1,0,1,2
Parker,G,5,135621,48367,0,0,0,0,0,0,0,0,0,0,0,0,0,1,0,0,1,0,2,0,0,0,0,0,1,1,0,0,0,0,3,2,2,0,1,1,1,1,3,1,0,0,0,0,1,1,1,0,0,1,5,0,0,5,0,4,1,1,2,1,1,0,0,0,2,9,1,0,0,0,6,1,3,0,0,0,0,1,0,2,4,2,0,0,3,2,0,6,5,0,0,12,1,0,5,2,0,0,4,2,2,4,0,0,0,14,39,0,0,78,0,0,31,5,13,29,11,0,0,44,85,34,9,40,0,0,59,50,2,12,18,0,0,46,11,142,-88,16,0,0,158,47,-3,31,13,0,0,53,37
Parmer,D,1,9200,48369,0,0,0,0,0,0,0,0,0,0,0,0,0,0,0,0,0,0,0,0,0,0,0,0,0,0,0,0,0,0,0,0,0,0,0,0,0,0,0,0,1,0,1,1,0,1,0,0,0,2,0,0,2,0,0,5,0,1,3,0,2,0,0,2,1,1,0,2,1,8,2,3,0,10,2,2,0,1,0,-1,2,4,0,0,0,10,2,17,1,0,0,9,0,2,11,9,0,0,4,8,7,16,0,0,3,7,2,7,10,4,0,0,3,8,6,8,2,0,0,12,2,7,0,0,0,0,0,0,6,10,5,0,4,8,8,7,4,1,0,0,5,5,6,7,-1,0,0,4,8
Pecos,A,8,16533,48371,0,0,0,0,0,0,0,0,0,0,0,0,0,0,0,0,0,0,0,0,0,0,0,0,0,0,0,1,0,0,0,0,0,0,0,0,4,0,0,0,0,0,0,0,1,0,2,-2,3,0,0,0,2,-1,0,0,3,1,0,0,1,0,0,4,1,0,0,0,0,0,3,1,0,3,0,0,0,0,0,29,10,0,27,9,0,1,0,0,1,1,0,-90,92,0,0,0,0,0,5,-1,0,1,0,0,0,0,1,3,0,4,-3,3,4,3,3,1,1,-1,0,4,0,3,0,1,0,0,9,3,2,11,2,0,0,12,7,3,6,0,-1,1,9,5,0,0,1,0,0,13,4
Polk,J,14,49080,48373,0,0,0,0,0,0,0,0,0,0,0,0,0,0,0,0,0,0,0,1,0,3,0,0,3,0,0,1,0,0,0,0,1,0,0,2,0,3,0,0,0,0,1,0,2,1,0,0,0,0,1,0,1,0,0,0,10,0,0,5,0,0,0,5,0,6,1,0,0,0,3,0,2,0,0,0,0,0,1,1,1,1,0,0,4,0,0,0,1,0,0,0,1,0,3,0,0,0,6,1,1,0,2,0,0,10,3,7,11,0,0,0,7,8,34,15,0,0,0,35,0,63,20,33,0,0,59,0,21,13,0,0,0,0,119,0,59,9,0,0,27,20,8,0,3,0,0,27,7
Potter,E,22,122706,48375,0,0,0,0,0,0,0,0,0,0,0,2,0,0,0,0,0,0,0,2,1,0,5,6,5,3,16,0,1,6,11,1,7,4,0,9,0,13,9,9,20,12,18,14,30,17,59,46,7,63,34,69,73,112,82,52,58,31,64,56,74,23,0,55,148,94,41,618,49,0,16,48,3,6,27,9,0,0,13,15,10,41,4,0,33,78,56,16,250,2,0,7,3,12,5,2,0,0,4,9,13,8,3,0,0,9,7,5,11,4,0,0,15,12,28,24,0,0,0,41,30,17,13,10,0,0,8,25,19,19,40,0,0,53,51,31,46,13,0,0,36,30,35,27,24,0,0,41,25
Presidio,A,6,5906,48377,0,0,0,0,0,0,0,0,0,0,0,0,0,0,0,0,0,0,0,0,0,0,0,0,0,0,0,0,0,0,0,0,0,0,0,0,0,0,0,0,0,0,0,0,0,0,0,0,0,0,0,0,0,0,0,0,0,0,0,0,0,0,0,0,0,0,0,0,0,0,0,0,0,0,0,0,1,0,0,0,0,0,0,0,0,0,0,0,1,0,0,0,0,0,0,0,0,0,0,9,0,0,0,0,2,1,0,0,0,1,0,0,4,0,0,0,0,0,0,0,0,7,0,0,0,0,1,1,0,0,0,0,0,0,0,4,0,3,0,0,-1,1,7,-1,3,0,0,0,1
Rains,H,26,11378,48379,0,0,0,0,0,0,0,0,0,0,0,0,0,0,0,0,0,0,0,0,0,0,0,0,0,0,0,0,0,0,0,1,0,0,0,0,1,0,0,0,0,0,0,0,0,0,0,0,0,0,0,0,0,0,0,0,0,0,0,0,0,0,0,0,0,0,0,0,0,0,0,0,1,0,0,0,0,0,0,0,0,0,0,0,0,1,0,0,0,0,0,0,0,0,0,1,0,0,0,1,0,1,1,0,0,0,0,0,0,0,0,0,4,0,1,0,0,1,0,2,0,1,0,0,-1,0,3,2,0,2,2,0,0,3,1,3,3,2,0,0,3,1,1,3,0,0,0,0,2
Randall,E,32,138104,48381,0,0,0,0,0,0,0,0,0,0,0,0,0,0,0,0,0,0,3,0,3,0,0,11,4,3,10,2,0,4,12,4,4,4,0,9,0,7,13,4,6,9,3,2,8,12,12,15,8,19,9,13,21,22,14,9,17,14,23,10,12,3,0,21,34,31,33,116,9,0,9,5,9,4,16,3,0,0,4,3,3,13,3,0,14,23,4,9,3,1,0,9,3,7,1,1,2,0,7,5,6,2,4,0,0,5,13,16,12,4,0,0,19,19,36,19,0,0,0,24,29,30,25,19,0,0,60,28,33,42,52,0,0,47,48,39,30,18,0,0,35,28,23,30,28,0,0,37,23
Reagan,C,33,4226,48383,0,0,0,0,0,0,0,0,0,0,0,0,0,0,0,0,0,0,0,0,0,0,0,0,0,0,0,0,0,0,0,0,0,0,0,0,0,0,0,0,0,0,0,0,0,0,0,0,0,0,0,0,0,0,0,0,0,0,0,0,0,0,0,0,0,0,0,0,0,0,0,0,0,0,0,0,0,0,1,0,1,0,0,0,0,0,0,0,0,0,0,0,0,0,0,0,0,0,0,0,0,0,0,0,0,0,0,0,1,-1,0,0,2,2,3,1,3,0,1,0,1,8,5,3,0,6,2,0,3,4,1,0,2,2,0,2,0,-2,0,0,3,1,0,0,3,0,0,2,1
Real,B,23,3407,48385,0,0,0,0,0,0,0,0,0,0,0,0,0,0,0,0,0,0,0,0,0,0,0,0,0,0,0,0,0,0,0,0,0,0,0,0,0,0,0,0,0,0,0,0,0,0,0,0,0,0,0,0,0,0,0,0,0,0,0,0,0,0,0,0,0,0,0,0,0,0,0,0,0,0,0,0,0,0,0,0,0,0,0,0,0,0,0,1,0,0,0,0,0,0,0,0,0,0,0,0,0,0,0,0,0,0,0,0,0,0,0,0,0,0,0,1,2,0,0,0,0,0,0,2,0,0,0,0,0,2,0,0,0,2,3,50,7,1,0,0,0,3,2,0,0,0,0,1,9
Red River,I,2,12610,48387,0,0,0,0,0,0,0,0,0,0,0,0,0,0,0,0,0,0,0,0,0,0,0,0,0,0,0,0,0,0,0,0,0,0,0,0,0,1,0,0,0,0,0,0,0,0,0,0,0,0,0,0,0,0,0,0,0,0,1,1,0,6,0,18,1,5,2,0,0,0,1,4,2,2,2,0,1,1,2,0,0,16,4,0,2,2,2,0,2,1,0,2,2,3,3,4,0,0,2,0,0,1,3,0,0,0,0,2,4,0,0,0,5,2,0,3,1,1,0,0,0,0,2,0,1,3,0,0,6,0,0,0,1,0,-1,0,2,0,0,0,1,1,0,1,0,0,0,0,1
Reeves,A,4,15707,48389,0,0,0,0,0,0,0,0,0,0,0,0,0,0,0,0,0,0,0,0,0,0,0,0,0,0,0,0,0,0,0,0,0,0,0,0,0,0,0,0,0,0,0,0,0,0,0,0,0,0,0,0,0,0,0,0,0,0,0,1,0,0,0,0,0,0,2,0,0,0,0,0,2,0,0,0,2,0,0,0,0,0,0,0,0,0,0,1,0,0,0,3,0,0,1,0,0,0,2,0,0,0,0,0,0,1,2,1,1,0,0,1,9,2,8,8,0,0,1,11,0,4,14,0,0,1,5,-1,2,4,1,0,1,2,7,4,1,2,0,0,6,7,9,1,6,0,1,5,2
Refugio,N,28,7573,48391,0,0,0,0,0,0,0,0,0,0,0,0,0,0,0,0,0,0,0,0,0,0,0,0,0,0,0,0,0,0,0,0,0,0,0,0,0,0,0,0,0,0,0,0,0,0,0,0,0,0,0,0,0,0,0,1,0,0,0,0,0,0,0,1,1,0,0,0,0,0,0,0,0,0,0,0,0,0,0,0,0,0,0,0,0,0,0,0,0,0,0,2,0,0,0,0,0,0,1,0,0,0,0,0,0,0,3,1,0,0,0,2,0,1,1,4,8,3,2,2,4,2,3,1,8,0,0,5,11,1,8,3,10,17,12,5,2,13,18,0,4,19,3,1,12,14,0,5,2
Roberts,E,14,983,48393,0,0,0,0,0,0,0,0,0,0,0,0,0,0,0,0,0,0,0,0,0,0,0,0,0,0,0,0,0,0,0,0,0,0,0,0,0,1,0,1,0,0,0,0,0,0,0,0,0,0,0,0,0,0,0,0,0,0,0,0,0,0,0,0,0,0,0,0,0,0,0,0,0,0,0,0,0,0,0,0,0,0,0,0,0,0,0,0,0,0,0,0,0,0,0,0,0,0,0,0,0,0,0,0,1,0,0,0,0,0,0,0,0,0,0,1,0,0,0,1,1,0,0,0,0,0,0,0,0,0,0,0,0,0,0,0,0,0,0,0,0,0,0,0,1,0,0,0,-1
Robertson,L,33,16888,48395,0,0,0,0,0,0,0,0,0,0,0,0,0,0,1,0,0,0,1,0,0,0,0,0,0,0,0,0,0,0,0,0,0,0,0,0,0,0,0,0,0,0,0,0,0,0,0,0,0,0,2,-1,1,0,0,0,0,0,1,0,0,0,0,0,1,0,0,0,0,0,1,0,0,0,0,0,0,0,0,0,1,0,0,1,2,0,0,3,0,2,0,1,0,1,-1,0,0,0,1,0,5,-1,1,4,3,3,0,0,1,0,1,7,0,10,1,1,3,0,4,0,16,9,0,25,1,3,0,9,1,18,0,12,0,9,14,8,5,4,0,-1,5,3,2,8,2,2,0,0,4
Rockwall,H,23,102243,48397,0,0,0,0,0,0,0,0,0,0,0,0,0,0,0,0,2,1,0,1,0,1,4,1,0,1,-1,0,1,3,0,2,4,0,2,2,6,0,2,2,0,2,4,8,0,1,2,0,5,2,17,0,0,10,0,3,3,4,1,4,0,0,4,9,3,7,2,9,0,0,2,7,4,4,0,0,0,4,1,3,5,3,0,0,4,0,5,5,2,0,0,6,5,5,4,1,0,0,9,3,6,6,0,0,0,3,45,0,0,55,0,0,29,-20,11,26,18,0,0,8,17,-7,17,3,0,0,58,14,0,26,6,0,0,28,45,12,3,10,0,0,39,25,19,7,-5,0,0,17,49
Runnels,G,21,11009,48399,0,0,0,0,0,0,0,0,0,0,0,0,0,0,0,0,0,0,0,0,0,0,0,0,0,0,0,0,0,0,0,0,0,0,0,0,0,0,0,0,0,0,0,0,0,0,0,0,0,1,0,0,0,1,0,0,0,0,0,0,0,0,0,0,0,0,0,0,0,0,0,0,0,0,0,0,0,0,0,0,1,0,0,0,-1,0,0,1,0,0,0,0,-1,0,0,0,0,0,0,0,0,1,0,0,0,0,2,0,0,0,0,0,2,1,3,6,0,0,0,0,0,2,1,4,0,0,1,3,3,2,2,0,0,9,3,6,12,13,0,0,12,10,1,4,2,0,0,5,4
Rusk,J,31,52767,48401,0,0,0,0,0,0,0,0,1,0,0,0,0,0,0,0,1,0,0,1,0,0,2,1,1,4,1,-1,1,2,0,0,0,2,-1,1,1,7,1,2,0,0,0,1,0,2,0,2,0,1,0,2,1,0,0,0,2,1,1,0,0,0,0,0,0,0,0,2,0,0,0,0,0,0,0,1,0,1,0,1,0,7,3,0,1,1,2,1,3,1,0,3,-2,3,0,2,0,58,104,1,8,4,5,0,0,3,0,9,3,-1,0,2,2,9,2,2,-8,10,0,6,3,-26,-17,2,2,10,1,-1,-13,19,1,1,-11,5,15,12,-4,6,1,5,20,5,3,-5,9,2,0,4,3
Sabine,J,34,9936,48403,0,0,0,0,0,0,0,0,0,0,0,0,0,0,0,0,0,0,0,0,0,0,0,0,0,0,0,0,0,0,0,0,0,0,0,0,0,1,0,0,0,0,0,0,0,0,0,0,0,0,0,0,0,0,0,0,0,0,1,0,0,0,0,1,0,0,0,0,0,0,1,0,0,0,1,0,0,0,0,1,0,8,0,1,0,0,0,0,0,0,0,0,0,0,0,0,0,0,0,0,0,0,3,1,0,2,0,0,0,0,2,0,1,0,1,1,0,1,0,1,0,0,1,2,0,2,1,0,0,1,0,0,1,3,0,0,1,-4,1,0,0,2,0,0,5,0,0,5,2
San Augustine,J,33,8405,48405,0,0,0,0,0,0,0,0,0,0,0,0,0,0,0,0,0,0,0,0,0,0,1,0,3,0,0,0,0,0,3,2,0,0,0,0,0,2,3,0,0,0,0,0,1,1,0,0,0,0,0,0,3,0,0,0,0,2,0,0,0,0,0,1,0,0,0,0,0,0,4,0,2,1,0,0,0,0,2,0,6,1,0,0,6,0,0,0,1,0,0,0,4,0,6,0,0,0,6,13,12,0,1,0,0,1,11,2,2,0,0,0,2,0,5,4,0,0,0,0,0,5,2,5,0,0,4,0,5,4,0,0,0,0,3,0,5,0,0,0,4,2,0,0,2,0,0,1,1
San Jacinto,K,4,28844,48407,0,0,0,0,0,0,0,0,0,0,0,0,0,0,0,0,0,0,0,1,0,0,0,0,0,0,0,0,0,2,0,0,2,0,2,1,-1,3,0,-2,0,0,0,0,0,0,0,1,0,0,0,0,0,1,0,0,0,0,0,0,0,1,0,0,0,1,0,0,0,0,0,0,1,1,0,0,0,0,0,0,0,0,0,0,0,0,2,1,0,0,0,2,0,1,0,0,0,0,-1,3,0,1,0,0,1,0,1,3,1,2,0,0,2,2,1,21,3,3,0,0,1,-3,2,0,22,15,4,5,12,3,4,2,-5,-1,3,3,5,0,0,1,0,2,5,0,2,3,0,2,25
San Patricio,O,4,71325,48409,0,0,0,0,0,0,0,0,0,0,0,0,0,0,0,0,1,0,0,0,0,0,1,0,1,1,1,-3,0,5,0,0,0,0,0,2,-1,0,0,0,0,0,0,1,2,0,1,0,0,1,-1,0,0,0,0,1,0,1,2,0,2,2,2,0,0,1,2,0,1,0,0,0,2,0,0,0,0,0,1,3,1,0,0,0,3,0,0,2,0,1,0,2,0,0,0,0,0,0,7,0,14,4,0,0,0,14,5,11,5,8,0,0,24,28,16,10,0,0,0,17,0,63,17,26,0,0,29,13,12,0,38,0,0,38,52,65,67,42,0,0,28,0,0,74,29,0,0,37,33
San Saba,B,3,5873,48411,0,0,0,0,0,0,0,0,0,0,0,0,0,0,0,0,0,0,0,0,0,0,0,0,0,0,0,0,0,0,0,0,0,0,0,0,0,0,0,0,0,0,0,0,0,0,0,0,0,0,0,0,0,0,0,0,0,0,0,0,0,0,0,0,0,0,0,0,0,0,1,0,0,0,0,0,0,0,0,0,0,0,0,0,0,0,0,0,0,0,0,0,0,0,0,1,0,0,0,0,0,0,0,0,1,1,0,0,0,0,0,0,0,0,0,1,0,0,0,0,2,0,3,0,0,0,0,-1,1,0,0,1,0,1,1,2,3,1,0,0,1,1,0,0,1,0,0,0,0
Schleicher,B,12,3312,48413,0,0,0,0,0,0,0,0,0,0,0,0,0,0,0,0,0,0,0,0,0,0,0,0,0,0,0,0,0,0,0,0,0,0,0,0,0,0,0,0,0,0,0,0,0,0,0,0,0,0,0,0,0,0,0,0,0,0,0,0,0,0,0,0,0,0,0,0,0,0,0,0,0,0,0,0,0,0,0,0,0,0,0,0,0,0,0,0,0,0,0,0,0,0,0,1,0,0,5,2,0,2,2,0,0,0,0,0,0,2,0,1,5,0,1,0,0,0,0,0,0,0,2,1,0,0,1,0,1,2,2,0,0,1,2,0,0,0,0,0,0,1,0,0,1,0,0,0,0
Scurry,C,4,18368,48415,0,0,0,0,0,0,0,0,0,0,0,0,0,0,0,0,0,0,0,0,0,0,0,0,0,0,0,0,0,0,0,0,0,0,0,0,0,1,0,0,0,1,0,0,0,0,0,0,0,0,0,0,0,0,0,0,0,0,0,0,0,0,0,0,0,0,0,0,0,0,0,0,0,0,0,0,0,0,0,0,19,3,0,0,8,0,1,-8,1,0,0,0,0,1,1,0,0,0,0,0,1,0,0,0,0,0,0,3,0,0,0,0,0,4,6,3,14,0,0,12,0,13,6,231,0,0,29,0,6,6,5,0,0,4,5,0,7,4,0,0,9,7,12,18,0,0,0,21,0
Shackelford,G,2,3405,48417,0,0,0,0,0,0,0,0,0,0,0,0,0,0,0,0,0,0,0,0,0,0,0,0,0,0,0,0,0,0,0,0,0,0,0,0,0,0,0,0,0,0,0,0,0,0,0,0,0,0,0,0,0,0,0,0,0,0,1,0,0,0,0,0,0,0,0,0,0,0,0,0,0,0,0,0,0,0,0,0,0,0,0,0,0,0,0,0,0,0,0,0,0,0,0,0,0,0,0,0,0,0,0,0,0,0,0,0,0,0,0,0,0,0,2,2,-1,0,0,1,0,1,2,0,0,0,1,0,1,1,2,0,0,5,-1,-2,1,0,0,0,1,-1,1,0,0,0,0,0,0
Shelby,J,42,25545,48419,0,0,0,0,0,0,0,0,0,0,0,0,0,0,0,0,0,1,0,0,1,0,0,2,6,1,0,0,2,4,6,8,3,0,2,4,6,5,2,7,0,0,9,0,16,1,0,11,1,3,0,5,11,0,0,0,12,2,13,5,0,3,0,6,5,4,5,1,2,0,0,2,3,3,0,0,0,0,4,2,0,12,0,0,2,4,6,0,0,0,0,1,1,9,2,1,2,1,0,0,5,6,12,1,0,5,1,3,3,9,0,0,2,1,3,0,2,4,0,1,0,4,0,2,3,6,0,9,5,2,2,0,1,5,5,3,8,5,2,1,6,9,5,5,3,2,0,2,7
Sherman,E,2,3276,48421,0,0,0,0,0,0,0,0,0,0,0,0,0,0,0,0,0,0,0,0,0,0,0,0,0,0,0,0,0,0,0,0,0,0,0,0,0,4,2,1,0,0,0,2,1,0,1,1,2,0,0,1,2,0,1,0,0,0,1,1,0,3,0,0,0,0,0,0,0,0,0,0,0,-2,0,0,0,0,1,1,1,0,0,0,3,0,0,1,0,0,0,0,0,0,0,0,0,0,0,0,2,0,0,0,0,0,0,0,0,0,0,0,0,0,0,0,0,0,0,0,0,2,0,0,0,0,1,0,0,0,1,0,0,0,1,0,0,0,0,0,1,0,1,0,0,0,0,0,2
Smith,J,21,235143,48423,0,0,0,0,0,3,0,0,2,0,0,0,0,0,9,0,2,5,6,3,2,0,5,10,6,4,0,0,6,12,7,6,5,0,3,5,2,5,0,8,5,0,2,1,1,6,0,1,2,5,0,3,2,2,0,0,9,1,9,5,0,4,0,3,8,1,3,0,0,0,3,0,3,3,0,0,0,0,1,1,0,4,0,0,6,2,3,1,7,0,0,12,3,6,0,27,0,0,12,14,13,8,22,0,0,38,14,30,33,0,44,0,67,52,36,45,0,72,0,77,250,66,56,79,0,0,142,58,69,149,45,0,0,145,53,46,52,48,0,0,83,33,29,41,17,0,0,60,47
Somervell,G,27,9294,48425,0,0,0,0,0,0,0,0,0,0,0,0,0,0,0,0,0,0,0,0,0,0,0,0,0,0,0,0,0,0,0,0,0,0,0,0,0,0,0,0,0,0,0,0,0,0,0,0,0,0,0,0,0,0,0,0,0,0,0,0,0,0,0,0,0,0,0,0,0,0,0,0,0,0,0,0,0,0,0,0,0,0,0,0,0,0,0,0,0,0,0,1,0,1,0,0,0,0,1,0,0,0,0,0,0,0,2,0,0,0,0,0,1,2,1,0,2,0,0,5,4,2,1,2,0,0,5,0,3,2,0,0,0,4,0,0,6,1,0,0,0,3,2,5,2,0,0,3,4
Starr,O,21,64731,48427,0,0,0,0,0,0,0,0,0,0,0,0,0,0,0,0,0,2,0,0,0,0,2,1,0,0,1,1,0,0,0,0,0,0,0,0,0,0,0,0,0,0,0,0,0,0,0,0,0,1,1,0,0,0,0,0,1,0,0,4,0,0,0,0,0,0,2,1,0,0,2,3,0,0,2,0,0,0,2,1,6,0,0,1,2,1,5,2,6,2,0,5,4,7,20,14,10,7,16,24,27,17,21,20,75,15,21,18,34,68,21,55,27,64,28,13,0,77,44,25,14,25,9,19,57,22,42,44,111,47,28,19,21,145,43,44,40,0,78,18,60,46,23,8,14,65,23,87,44
Stephens,G,3,9570,48429,0,0,0,0,0,0,0,0,0,0,0,0,0,0,0,0,0,0,0,0,0,0,0,0,0,0,0,0,0,0,0,1,0,0,0,0,0,0,0,0,0,0,0,0,0,0,0,0,0,0,0,0,0,0,0,0,0,0,0,0,0,0,0,0,1,0,0,0,0,0,0,0,0,0,0,0,0,2,0,0,0,0,0,0,0,0,0,0,0,0,0,0,0,0,0,1,0,0,0,0,0,0,0,0,0,0,2,0,0,0,0,0,1,0,0,0,0,0,0,1,2,1,1,2,0,0,1,1,1,0,-2,0,0,2,0,0,3,2,0,0,5,0,0,1,0,0,0,1,1
Sterling,C,24,1252,48431,0,0,0,0,0,0,0,0,0,0,0,0,0,0,0,0,0,0,0,0,0,0,0,0,0,0,0,0,0,0,0,0,0,0,0,0,0,0,0,0,0,0,0,0,0,0,0,0,0,0,0,0,0,0,0,0,0,0,0,0,0,0,0,0,0,0,0,0,0,0,0,0,0,0,0,0,0,0,0,0,0,0,0,0,0,0,0,0,0,0,0,0,0,0,0,0,0,0,0,0,0,0,0,0,0,0,0,0,0,0,0,0,0,0,0,0,0,1,0,-1,0,0,0,0,0,0,0,0,0,0,0,0,0,0,0,0,0,0,0,0,0,0,0,0,0,0,0,0,0
Stonewall,D,36,1523,48433,0,0,0,0,0,0,0,0,0,0,0,0,0,0,0,0,0,0,0,0,0,0,0,0,0,0,0,0,0,0,0,0,0,0,0,0,0,0,0,0,0,0,0,0,0,0,0,0,0,0,0,0,0,0,0,0,0,0,0,0,0,0,0,0,0,0,0,0,0,0,0,0,0,0,0,0,0,0,0,0,0,0,0,0,0,0,0,0,0,0,0,0,0,0,0,0,0,0,0,0,0,0,0,0,0,0,0,0,0,0,0,0,0,0,0,0,0,0,0,0,0,0,0,0,0,0,0,0,0,0,4,0,0,0,0,0,0,0,0,0,0,0,0,0,0,0,0,0,1
Sutton,B,13,4381,48435,0,0,0,0,0,0,0,0,0,0,0,0,0,0,0,0,0,0,0,0,0,0,0,0,0,0,0,0,0,0,0,0,0,0,0,0,0,0,0,0,0,0,0,0,0,0,0,0,0,0,0,0,0,0,0,0,0,0,0,0,0,0,0,0,0,0,0,0,0,0,0,0,0,0,0,0,0,0,0,0,0,0,0,0,0,0,0,0,0,0,0,0,0,0,0,0,0,0,0,0,0,1,0,0,0,2,0,0,0,0,0,1,1,0,1,5,0,0,0,2,0,3,4,1,0,0,4,1,0,10,3,0,0,7,1,1,1,5,0,0,3,1,1,-1,0,0,0,2,0
Swisher,D,3,7414,48437,0,0,0,0,0,0,0,0,0,0,0,0,0,0,0,0,0,0,0,1,0,0,0,0,0,0,0,0,0,1,0,1,0,1,0,0,0,0,0,0,0,1,0,1,0,1,0,2,0,0,0,0,0,0,0,0,1,1,0,0,0,1,0,1,0,0,1,0,0,1,0,0,0,0,2,0,0,0,0,1,0,-1,0,0,0,0,1,0,0,0,0,0,0,1,2,0,0,0,0,2,0,0,0,0,0,0,1,2,2,3,0,0,0,4,0,2,1,0,0,6,1,6,2,0,0,0,5,2,2,1,1,0,1,2,2,0,3,0,0,0,0,1,1,1,0,0,0,1,3
Tarrant,H,21,2143755,48439,0,0,1,0,0,2,0,0,2,0,0,3,0,1,48,14,19,10,14,25,0,36,98,15,37,58,21,14,34,65,71,49,68,82,19,70,53,61,103,82,54,13,7,84,97,129,147,130,111,72,69,61,97,142,115,81,40,62,127,143,171,83,485,50,65,266,135,55,84,97,112,84,68,92,96,52,26,0,62,151,104,85,84,50,21,89,138,102,122,88,77,219,64,166,225,296,133,81,164,144,180,277,232,180,444,171,260,460,517,343,377,393,263,605,606,473,0,0,585,820,757,595,520,634,423,404,322,531,857,562,474,288,422,385,663,871,431,595,584,353,240,576,836,672,587,461,183,303,805
Taylor,G,11,139457,48441,0,0,0,0,0,0,0,0,0,0,0,0,0,0,0,0,0,1,1,5,0,4,3,0,4,5,4,4,0,7,5,8,4,4,2,7,6,5,10,37,16,2,0,20,21,6,12,13,6,33,22,14,28,8,21,1,7,22,-172,1,1,0,0,2,3,1,1,2,0,0,5,3,-1,4,0,0,2,0,0,1,1,2,1,1,5,0,1,3,1,0,0,1,1,1,3,0,3,0,0,4,2,7,10,4,7,9,15,5,9,12,7,6,14,34,23,23,40,8,32,17,30,24,25,32,54,42,16,28,21,20,44,12,13,17,26,13,16,10,21,5,7,17,13,19,9,5,3,7,14
Terrell,A,9,1054,48443,0,0,0,0,0,0,0,0,0,0,0,0,0,0,0,0,0,0,0,0,0,0,0,0,0,0,0,0,0,0,0,0,0,0,0,0,0,0,0,0,0,0,0,0,0,0,0,0,0,0,0,0,0,0,0,0,0,0,0,0,0,0,0,0,0,0,0,0,0,0,0,0,0,0,0,0,0,0,0,0,0,0,0,0,0,0,0,0,0,0,0,0,0,0,0,0,0,0,0,0,0,0,0,0,0,1,0,0,0,0,0,0,1,1,-1,0,0,0,0,0,0,0,0,0,0,0,0,0,0,0,0,0,0,0,0,0,0,0,0,0,0,0,0,0,0,0,0,0,0
Terry,D,32,13040,48445,0,0,0,0,0,0,0,0,0,0,0,0,0,0,0,1,0,0,0,2,0,1,0,0,0,0,0,0,0,2,0,0,0,0,4,0,0,0,0,0,0,0,0,0,0,0,0,0,0,0,0,1,0,0,0,0,1,0,0,0,0,0,0,0,0,0,0,0,0,0,1,0,0,0,0,0,0,0,0,0,0,0,0,0,0,0,0,0,0,0,0,0,0,0,0,0,0,0,0,0,1,0,0,0,0,0,0,1,1,0,0,0,1,0,4,0,15,0,0,3,5,3,0,1,0,0,8,3,1,0,4,0,0,-1,4,4,15,0,0,0,15,3,1,5,6,0,0,5,4
Throckmorton,F,22,1519,48447,0,0,0,0,0,0,0,0,0,0,0,0,0,0,0,0,0,0,0,0,0,0,0,0,0,0,0,0,0,0,0,0,0,0,0,0,0,0,0,0,0,0,0,0,0,0,0,0,0,0,0,0,0,0,0,0,0,0,0,0,0,0,0,0,0,0,0,0,0,0,0,0,0,0,0,0,0,0,0,0,0,0,0,0,0,0,0,1,-1,0,0,0,0,0,0,0,0,0,0,0,0,0,0,0,0,0,0,0,0,0,0,0,0,0,0,1,0,0,0,0,0,0,0,0,0,0,1,0,0,0,0,0,0,0,0,0,0,0,0,0,0,0,0,1,1,0,0,0,0
Titus,I,14,32953,48449,0,0,0,0,0,0,0,0,0,0,0,0,0,0,0,0,0,0,0,0,0,0,0,0,1,0,0,0,1,0,2,2,0,0,0,1,1,0,0,0,1,0,2,1,0,3,0,0,0,0,0,1,1,0,3,0,1,2,4,2,0,6,0,2,22,15,9,13,0,6,27,13,47,32,24,1,5,70,26,96,21,-18,5,7,9,14,19,11,30,0,0,17,4,10,8,46,1,2,4,2,1,9,7,4,1,6,2,0,12,6,0,14,5,8,10,12,5,5,0,100,1,3,5,4,15,17,29,3,15,35,2,6,7,11,30,4,15,25,8,3,32,11,18,15,11,2,1,1,7
Tom Green,C,35,123276,48451,0,0,0,0,0,0,0,0,0,0,0,0,0,0,1,0,1,0,1,0,2,1,3,0,1,7,3,1,3,1,0,7,1,2,0,4,0,1,1,0,0,0,0,0,0,1,-1,2,1,0,0,5,-1,2,4,1,1,0,2,1,0,0,0,0,0,0,1,1,0,0,1,0,1,1,0,0,0,0,0,3,0,-2,4,1,0,0,-1,0,9,0,3,1,0,1,6,6,9,2,15,10,20,20,7,8,6,9,5,13,9,13,27,12,19,13,26,34,36,26,76,20,65,13,33,29,43,41,311,95,59,124,-208,30,37,24,45,46,66,43,22,15,30,12,7,18,45,26,24,12,22
Travis,M,3,1291502,48453,0,0,0,0,0,2,0,1,1,3,14,1,0,0,57,19,21,18,23,19,21,6,38,61,46,79,30,24,18,52,43,45,48,54,30,82,44,77,52,45,18,16,66,59,30,49,67,17,16,52,75,52,63,29,31,42,60,60,70,56,69,24,32,44,64,53,57,36,44,34,78,58,49,68,49,27,59,86,51,73,67,62,46,40,88,73,68,61,54,46,35,118,161,133,129,76,147,84,119,107,220,0,295,418,506,129,257,318,183,0,728,636,508,558,597,571,314,122,548,247,482,753,703,440,318,166,657,553,572,413,232,239,192,145,603,302,243,238,224,79,240,232,235,278,280,222,247,335,273
Trinity,J,13,14233,48455,0,0,0,0,0,0,0,0,0,0,0,0,0,0,0,0,0,0,0,0,0,0,0,0,0,2,0,0,0,0,1,0,0,0,0,1,0,3,0,0,0,0,0,0,0,1,0,0,0,0,0,0,0,0,0,0,1,1,0,1,0,0,0,0,0,0,0,0,0,0,0,0,0,2,0,0,0,0,0,0,0,1,1,0,0,0,5,0,0,0,0,2,0,0,0,0,0,0,-5,3,1,0,1,1,0,1,2,2,0,4,0,0,0,4,3,3,2,4,0,0,0,4,4,4,9,12,2,1,5,6,2,0,5,2,3,8,2,0,0,0,0,5,7,0,6,8,0,9,1
Tyler,J,15,21343,48457,0,0,0,0,0,0,0,0,0,0,0,0,0,0,0,0,0,0,0,0,0,0,0,0,0,1,0,0,0,0,0,0,1,0,0,0,1,1,0,1,0,1,0,0,0,0,0,0,0,0,0,0,0,0,0,0,1,0,0,0,0,0,0,0,0,0,0,2,0,0,1,0,0,0,1,0,0,0,0,0,0,1,0,0,0,0,2,0,1,1,0,0,0,0,0,0,0,0,-2,0,0,0,4,0,0,2,1,0,0,0,4,0,0,0,0,2,0,0,0,3,0,0,6,0,1,0,8,0,0,2,1,1,0,0,1,1,6,37,8,0,0,7,3,0,3,0,0,0,0
Upshur,I,22,41655,48459,0,0,0,0,0,0,0,0,0,0,0,0,0,0,1,0,0,0,0,0,1,0,0,1,0,0,0,0,2,1,0,0,0,2,0,1,0,0,0,0,0,0,0,3,0,1,0,0,0,0,0,1,1,0,0,0,0,1,0,1,0,0,0,0,0,0,1,0,0,0,0,0,0,0,0,0,0,1,0,1,1,5,0,0,1,1,0,2,1,0,0,4,0,0,2,0,0,1,3,1,-1,0,0,2,0,1,2,0,0,0,0,0,7,5,4,3,1,4,1,5,2,4,4,4,5,5,7,2,4,0,8,2,7,6,6,2,5,9,3,3,11,1,4,8,3,1,1,1,6
Upton,C,32,3983,48461,0,0,0,0,0,0,0,0,0,0,0,0,0,0,0,0,0,0,0,0,0,0,0,0,0,0,0,0,0,0,0,0,0,0,0,0,0,0,0,0,0,0,0,0,0,0,0,0,0,0,0,0,0,0,0,0,0,0,0,0,0,0,0,0,0,0,0,0,0,0,0,0,0,0,0,0,0,0,0,0,0,0,0,0,0,0,0,0,0,0,0,0,0,0,0,0,0,1,-1,0,0,1,0,0,0,1,0,0,0,0,0,0,1,0,1,2,0,0,0,1,0,3,1,-1,0,0,0,0,0,3,-2,0,2,0,0,1,-1,0,0,0,0,0,2,0,1,0,0,0,0
Uvalde,N,2,27937,48463,0,0,0,0,0,0,0,0,0,0,0,0,0,0,0,0,0,1,0,1,0,0,2,0,0,0,0,1,0,0,1,1,-1,0,0,0,0,0,0,0,0,0,0,0,0,0,0,0,0,0,0,0,0,0,0,0,0,0,0,0,0,0,0,0,0,0,0,0,0,0,0,0,0,0,0,0,0,0,0,0,1,4,1,0,2,2,2,-1,0,0,0,0,4,1,2,0,1,1,0,3,1,1,5,1,1,3,1,6,10,4,8,3,7,5,12,0,40,13,11,11,7,11,17,17,13,22,0,2,17,26,4,7,10,12,15,22,25,2,11,15,0,21,8,15,11,11,3,5,5
Val Verde,B,21,48253,48465,0,0,0,0,0,0,0,0,0,0,0,0,0,0,0,0,1,1,2,1,0,0,0,0,0,0,0,0,1,0,0,0,4,0,0,2,0,0,0,0,0,0,0,0,0,0,0,0,0,0,0,0,0,1,0,0,0,0,0,0,0,0,0,0,0,0,0,0,0,0,0,0,0,0,0,0,0,1,0,0,4,0,0,0,3,0,0,0,0,0,0,0,0,0,0,0,0,0,0,0,18,0,20,0,0,26,0,0,23,0,0,0,0,0,0,0,177,0,0,0,102,0,116,0,0,0,0,154,0,0,0,0,0,0,0,0,0,0,0,0,506,0,0,169,0,0,0,0,0
Van Zandt,H,25,55469,48467,0,0,0,0,0,0,0,0,0,0,0,0,0,0,1,0,0,0,0,0,1,0,0,1,0,1,0,0,1,2,0,3,0,0,0,0,0,1,0,1,0,0,0,1,0,0,0,0,0,1,0,0,1,1,0,0,0,2,0,0,0,0,0,0,4,0,0,0,0,0,1,1,1,1,0,0,0,0,4,0,0,1,0,0,3,1,0,2,2,0,0,1,1,3,0,2,0,0,6,1,-1,2,0,0,0,5,0,6,6,0,7,0,7,6,7,3,0,11,0,15,23,8,9,15,0,0,27,7,5,8,15,0,0,20,5,12,5,11,0,0,12,10,2,7,4,0,0,19,11
Victoria,M,41,97744,48469,0,0,0,0,0,0,0,0,0,0,0,0,0,0,0,0,3,0,0,0,3,3,7,4,7,5,0,3,15,9,7,7,3,1,4,6,2,0,0,0,4,0,2,1,9,0,9,3,4,6,0,5,5,2,0,0,4,3,0,0,2,2,0,0,0,4,0,0,0,2,1,0,0,0,0,0,0,0,0,2,1,0,0,0,0,2,5,3,0,0,0,4,6,4,0,13,2,0,3,5,16,18,0,0,0,68,37,26,0,108,0,0,0,217,96,0,270,0,0,177,94,0,265,0,0,0,0,392,0,197,0,0,0,390,0,103,124,65,0,0,90,0,160,83,0,0,0,128,0
Walker,K,2,73997,48471,0,0,0,0,0,0,0,0,0,0,0,0,0,0,0,1,2,0,0,0,0,0,2,2,-2,5,0,0,0,0,1,2,4,0,4,17,0,20,9,1,9,-4,22,0,41,15,13,0,28,8,12,33,24,0,29,0,-5,10,12,17,5,3,2,0,51,-30,10,32,16,2,19,110,-122,5,27,12,1,0,241,153,0,76,510,1,118,156,71,42,7,1,0,17,-26,24,2,2,1,7,-5,6,6,5,15,7,0,16,22,10,-10,11,6,14,10,37,20,32,0,1,14,4,50,23,22,29,16,17,234,5,18,28,27,18,20,29,14,12,24,12,17,24,11,8,15,20,22,17,9,2,-4
Waller,K,13,50731,48473,0,0,0,0,0,0,0,0,0,0,0,0,0,0,0,0,0,0,0,3,0,0,0,2,2,1,0,1,2,0,1,1,1,1,1,2,2,2,1,-1,2,0,0,3,-2,0,3,1,0,2,-1,2,1,0,0,0,0,3,1,-1,2,-1,0,1,-1,0,1,1,1,0,3,2,0,0,2,2,4,0,3,-1,1,1,0,5,1,0,1,1,3,4,0,5,8,1,4,-5,3,2,2,7,1,4,2,4,4,5,9,4,0,1,12,4,3,4,4,5,13,-3,11,9,10,11,10,9,12,6,4,12,6,4,7,2,10,9,11,14,3,13,1,28,4,7,3,2,6,8,1,5,4
Ward,A,13,13592,48475,0,0,0,0,0,0,0,0,0,0,0,0,0,0,0,0,0,0,0,0,0,0,0,0,0,0,0,0,0,0,0,0,0,0,0,0,0,0,0,0,0,0,0,0,0,0,0,0,0,0,0,0,0,0,0,0,0,0,0,0,0,0,0,0,0,0,0,0,0,0,0,0,0,0,1,0,0,0,0,0,0,0,0,0,0,0,0,0,0,0,0,1,0,0,2,0,0,0,3,0,0,0,1,0,0,0,1,2,1,2,0,0,5,1,0,1,1,2,0,5,0,2,5,10,0,2,5,2,3,5,4,0,0,0,0,8,-1,0,0,0,6,1,1,1,0,0,0,1,0
Washington,K,11,35155,48477,0,0,0,0,0,0,0,0,0,0,0,0,0,0,0,0,0,0,5,0,3,0,9,0,0,0,0,0,4,2,5,6,2,1,0,0,4,5,1,3,2,9,6,4,6,1,25,10,0,23,4,2,2,1,0,0,2,3,3,3,8,0,0,6,5,0,4,2,0,0,3,2,1,2,4,0,0,0,3,1,1,4,0,0,3,-1,2,0,0,1,0,1,5,1,2,2,0,0,0,1,3,0,2,5,6,4,2,3,3,13,1,4,2,8,0,7,7,0,20,0,24,4,12,0,0,1,7,10,0,12,0,8,1,8,30,9,3,3,0,0,9,2,0,13,12,12,8,1,0
Webb,O,1,276183,48479,0,0,0,0,0,0,0,1,0,0,0,2,1,0,1,3,2,3,6,6,7,5,8,12,8,18,15,8,16,13,20,11,5,20,5,10,17,16,6,8,14,13,1,14,7,19,17,2,5,1,3,9,5,5,17,6,5,4,10,4,10,10,1,2,7,1,6,18,8,0,2,13,6,2,2,9,5,0,5,3,11,5,6,2,3,1,13,9,20,0,0,14,26,18,9,14,0,0,43,38,47,51,20,0,55,19,55,42,56,111,50,195,46,35,66,99,70,58,37,92,131,72,242,142,175,158,121,210,162,201,103,152,121,181,145,196,227,173,170,39,55,260,280,202,253,229,51,218,292
Wharton,M,44,41941,48481,0,0,0,0,0,0,0,0,0,0,0,0,0,0,0,3,0,0,0,3,0,0,1,2,0,0,0,3,5,0,1,2,3,3,1,1,3,1,0,2,0,0,2,0,0,0,0,1,-1,0,0,1,0,0,0,2,1,0,0,1,0,0,0,1,0,0,0,0,0,1,1,2,-1,-1,0,1,5,5,1,1,0,0,1,0,6,4,2,3,2,1,0,8,2,1,2,3,2,0,4,0,1,15,1,3,0,2,24,3,16,18,8,3,5,6,12,11,4,0,6,8,7,11,50,16,11,10,10,9,12,8,7,8,17,19,7,7,19,27,1,17,18,55,1,19,14,11,0,6,3
Wheeler,E,25,5783,48483,0,0,0,0,0,0,0,0,0,0,0,0,0,0,0,0,0,0,0,0,0,0,0,0,0,0,0,0,0,0,0,0,0,0,0,0,0,0,0,0,0,0,0,1,0,2,0,2,0,0,2,0,0,1,1,0,2,1,0,1,0,1,0,0,0,0,0,0,0,0,0,1,0,0,0,0,0,0,0,0,0,0,0,0,0,0,0,0,0,0,0,0,0,0,0,0,0,0,0,1,0,0,0,0,0,0,0,0,0,0,0,0,0,0,2,1,0,0,0,0,0,0,0,1,0,0,3,-1,0,3,1,0,1,0,1,0,1,2,0,0,1,-1,0,0,0,0,0,1,0
Wichita,F,4,133138,48485,0,0,0,0,0,0,0,0,0,0,1,2,0,1,1,0,3,4,3,11,2,2,8,0,6,2,0,1,1,0,2,3,1,2,0,0,0,1,0,1,1,1,0,2,0,0,0,0,0,1,1,1,0,0,0,0,3,2,0,1,3,1,0,0,1,1,1,0,0,0,2,2,0,0,0,0,0,0,2,0,0,0,0,0,1,0,0,2,0,0,0,3,0,2,1,6,0,0,18,3,17,13,19,0,0,32,29,20,20,0,30,0,18,45,34,23,5,11,6,22,48,36,19,18,16,3,32,12,18,14,29,0,0,42,13,31,5,8,0,0,16,38,12,12,16,0,0,30,14
Wilbarger,F,3,13038,48487,0,0,0,0,0,0,0,0,0,0,0,0,0,0,0,0,0,0,0,0,0,0,0,0,0,0,0,0,0,0,0,0,0,0,0,1,0,0,0,0,0,0,0,0,0,0,0,0,0,0,0,0,0,0,0,0,0,1,0,0,0,0,0,0,0,0,3,0,0,0,1,0,0,0,0,0,0,0,0,0,1,0,0,0,0,0,0,0,0,0,0,0,0,0,0,0,0,0,0,0,0,0,0,0,0,1,1,0,0,0,0,0,1,0,0,1,1,0,0,1,3,1,0,0,0,0,2,1,0,1,2,0,0,4,0,1,3,4,0,0,0,6,2,6,1,0,0,2,4
Willacy,O,23,22134,48489,0,0,0,0,0,0,0,0,0,0,0,0,0,0,0,0,0,1,0,1,0,0,0,1,2,0,0,0,0,2,-2,0,0,0,0,0,1,1,0,1,0,0,1,1,0,0,3,0,0,0,0,0,0,0,0,0,0,0,1,0,0,0,0,0,0,0,0,0,0,0,0,1,0,-1,0,0,0,0,1,-1,1,1,0,2,3,0,0,5,9,2,0,5,3,3,4,2,2,3,2,4,6,4,7,5,6,10,11,4,7,4,8,14,3,2,12,39,10,12,4,9,1,8,5,11,58,21,10,54,30,22,9,2,1,23,23,15,7,15,10,1,2,2,5,3,6,3,5,20,30
Williamson,L,31,589914,48491,0,0,0,0,0,0,0,0,0,2,6,0,1,4,1,5,3,5,7,3,0,5,8,5,8,8,5,1,4,6,10,6,7,3,4,2,5,4,12,6,5,4,1,2,9,15,24,5,51,25,0,6,8,5,7,10,5,5,8,11,9,7,9,3,17,27,18,9,12,18,5,15,12,7,8,13,12,12,19,4,8,9,7,9,9,6,13,11,12,12,7,7,47,18,24,33,42,42,56,61,47,46,45,78,100,74,87,116,88,68,80,169,81,130,109,49,81,0,0,682,0,291,175,37,91,65,232,111,174,93,70,196,106,96,93,90,74,58,43,58,62,67,118,65,99,0,0,117,98
Wilson,N,15,51802,48493,0,0,0,0,0,0,0,0,0,0,0,0,0,0,0,1,0,0,1,0,0,1,2,0,1,0,0,0,1,1,1,1,0,1,0,0,1,1,6,0,2,0,1,1,2,0,1,3,0,0,2,1,0,1,0,0,1,0,0,0,0,1,1,0,0,0,0,0,0,0,1,0,1,0,0,0,0,0,0,0,0,0,0,0,2,1,0,3,0,1,0,0,1,0,4,2,0,0,1,0,2,10,4,3,0,4,4,3,0,5,-2,0,12,3,10,2,19,0,0,12,2,20,7,17,11,0,2,17,10,12,102,8,0,12,15,6,7,11,0,0,9,0,2,0,0,0,0,8,8
Winkler,A,12,9295,48495,0,0,0,0,0,0,0,0,0,0,0,0,0,0,0,0,0,0,0,0,0,0,0,0,0,0,0,0,0,0,0,1,0,0,0,0,1,0,1,0,0,0,0,0,0,0,0,0,0,0,0,0,0,0,0,0,0,0,0,0,0,0,0,0,0,0,0,0,0,0,0,0,0,0,0,0,0,0,0,0,0,0,0,0,0,0,0,0,0,0,0,0,0,0,1,0,0,0,0,0,1,1,0,0,0,0,2,2,2,2,0,2,5,3,2,0,3,0,0,8,1,2,0,0,0,1,4,2,2,3,3,0,0,1,2,5,0,2,0,0,0,0,1,0,2,0,0,3,-1
Wise,F,24,65807,48497,0,0,0,0,0,0,0,0,0,0,0,0,0,0,0,0,0,0,0,0,1,0,2,0,0,0,0,0,0,0,0,1,1,0,0,0,2,0,1,1,0,0,3,1,1,0,1,0,0,0,2,0,0,7,0,2,1,1,0,0,2,0,0,1,4,1,0,0,0,0,2,0,4,0,0,0,0,3,0,0,0,1,0,0,1,0,3,2,0,0,0,1,2,0,0,1,0,0,0,2,4,0,0,0,0,1,25,0,0,2,0,0,14,3,9,9,10,0,0,14,8,7,10,10,0,0,18,8,1,9,-1,0,0,23,8,15,1,6,0,0,18,9,4,6,2,0,0,18,36
Wood,I,21,45292,48499,0,0,0,0,0,0,0,0,0,0,0,0,0,0,0,0,0,0,0,0,0,0,1,0,0,0,1,1,1,0,0,1,0,0,0,1,0,0,0,0,0,0,0,0,0,1,0,0,0,0,0,1,1,1,0,0,1,0,0,2,0,1,0,1,0,0,2,1,0,0,4,0,0,0,1,0,0,0,2,1,1,2,0,0,4,5,2,0,9,0,0,2,0,0,0,2,0,0,3,6,4,4,1,0,0,5,1,0,1,0,2,0,2,10,0,2,0,4,0,9,8,3,2,3,0,0,21,10,9,5,6,0,0,19,3,9,20,16,0,0,20,1,14,8,7,0,0,11,11
Yoakum,D,31,9225,48501,0,0,0,0,0,0,0,0,0,0,0,0,0,0,0,0,0,0,0,0,0,0,0,0,0,0,0,0,0,0,0,0,0,0,0,0,0,0,0,1,0,0,0,0,0,0,0,0,0,0,0,0,0,0,0,0,1,0,0,0,0,0,0,0,0,0,0,0,0,0,0,1,0,0,0,0,0,0,0,0,0,0,0,0,0,0,0,0,0,0,0,2,3,0,0,1,0,0,1,0,1,0,2,0,0,2,0,4,2,0,0,0,3,0,6,0,8,0,0,1,1,0,0,2,0,0,2,0,1,5,6,0,0,-1,0,6,2,0,0,0,3,2,10,-1,8,0,0,4,1
Young,F,22,18712,48503,0,0,0,0,0,0,0,0,0,0,0,0,0,0,0,0,0,1,0,0,0,0,2,0,0,0,0,0,0,0,0,0,0,0,0,0,1,0,0,0,0,0,0,0,0,0,0,0,0,0,0,0,0,0,0,0,0,0,0,0,0,0,0,0,0,0,0,0,0,0,0,0,0,0,0,0,0,0,0,0,0,0,0,0,0,0,0,2,0,0,0,0,5,2,1,1,0,0,0,0,0,1,0,0,0,1,5,0,0,0,0,0,2,1,5,3,1,0,0,0,4,4,4,7,0,0,9,2,4,0,3,0,0,2,8,4,7,9,0,0,8,5,2,17,6,0,0,6,7
Zapata,O,11,14409,48505,0,0,0,0,0,0,0,0,0,0,0,0,0,0,0,0,0,0,0,0,0,0,0,0,0,0,0,0,1,0,2,0,0,0,0,0,1,0,2,0,0,0,0,1,0,0,0,0,0,0,0,0,0,0,0,0,0,0,0,0,0,0,0,0,0,0,0,0,0,0,0,1,0,0,0,0,0,0,0,0,0,1,0,0,1,1,0,0,0,1,0,0,0,0,2,0,1,0,8,1,7,0,1,1,0,7,0,1,1,2,1,0,2,5,3,0,1,0,2,4,1,1,2,0,10,5,5,17,9,0,1,0,0,2,0,1,0,6,1,0,3,1,26,3,0,1,0,3,5
Zavala,N,12,12682,48507,0,0,0,0,0,0,0,0,0,0,0,0,0,0,0,0,0,0,0,0,0,0,0,0,0,0,0,0,0,0,0,0,0,0,0,0,0,0,1,0,0,0,0,0,0,0,0,0,0,0,0,0,0,0,0,0,0,0,0,0,1,0,0,5,2,0,0,0,0,0,0,1,1,0,0,0,0,0,0,0,0,0,0,0,1,0,0,0,0,0,0,0,0,0,0,1,0,0,0,0,0,0,0,0,0,1,2,1,1,1,0,0,2,0,2,0,2,0,0,4,0,12,5,3,11,0,0,10,9,6,5,5,0,10,6,17,10,5,0,0,8,18,1,0,5,0,0,8,14
